event_id,display_date,years_bp,chapter,lane,x_cu,x_norm,years_per_cu_ahead,category,region,confidence,animation_priority,headline
CR-001,c. 3.48 Ga,3480000000.0000,Deep time: >100 Ma,-1,0.000,0.000000,12750863.078002,Origins & evolution,Global deep time,High,Core,Earliest strong evidence for reef-like stromatolites
CR-002,c. 1.8–0.8 Ga,1800000000.0000,Deep time: >100 Ma,1,131.756,0.027587,5275221.669316,Origins & evolution,Global deep time,High,Supporting,Proterozoic microbial reefs become widespread
CR-003,c. 550–541 Ma,550000000.0000,Deep time: >100 Ma,-1,368.713,0.077201,2701603.863486,Origins & evolution,Global deep time,High,Core,First metazoan framework reefs
CR-004,c. 530–520 Ma,530000000.0000,Deep time: >100 Ma,1,376.116,0.078751,2601521.138720,Origins & evolution,Global deep time,High,Core,Archaeocyath sponge reefs proliferate
CR-005,c. 510 Ma,510000000.0000,Deep time: >100 Ma,-1,383.803,0.080361,2488738.303226,Crisis & decline,Global deep time,High,Core,Archaeocyath reef crisis
CR-006,485–470 Ma,485000000.0000,Deep time: >100 Ma,1,393.849,0.082464,2943013.857440,Origins & evolution,Global deep time,High,Core,Ordovician reef expansion begins
CR-007,c. 450 Ma,450000000.0000,Deep time: >100 Ma,-1,405.741,0.084954,857142.857143,Origins & evolution,Global deep time,High,Core,Tabulate and rugose corals become major reef components
CR-008,444–443 Ma,444000000.0000,Deep time: >100 Ma,1,412.741,0.086420,2000000.000000,Crisis & decline,Global deep time,High,Core,End-Ordovician mass extinction disrupts reefs
CR-009,430–420 Ma,430000000.0000,Deep time: >100 Ma,-1,419.741,0.087886,2291659.606734,Recovery & resilience,Global deep time,High,Core,Silurian reef recovery
CR-010,393–383 Ma,393000000.0000,Deep time: >100 Ma,1,435.887,0.091266,1913374.041518,Origins & evolution,Global deep time,High,Core,Devonian reef zenith
CR-011,372–359 Ma,372000000.0000,Deep time: >100 Ma,-1,446.862,0.093564,1828601.843624,Crisis & decline,Global deep time,High,Core,Late Devonian reef collapse
CR-012,359–323 Ma,359000000.0000,Deep time: >100 Ma,1,453.971,0.095053,1704621.994489,Crisis & decline,Global deep time,High,Core,Early Carboniferous “reef gap”
CR-013,323–299 Ma,323000000.0000,Deep time: >100 Ma,-1,475.090,0.099475,1983243.396831,Recovery & resilience,Global deep time,High,Supporting,Late Carboniferous reef recovery remains patchy
CR-014,c. 300–240 Ma (molecular estimate),300000000.0000,Deep time: >100 Ma,1,486.688,0.101903,142857.142857,Science & discovery,Global deep time,Medium,Supporting,Photosymbiosis may predate the fossil radiation
CR-015,299–260 Ma,299000000.0000,Deep time: >100 Ma,-1,493.688,0.103368,2606943.928373,Origins & evolution,Global deep time,High,Core,Permian sponge–algal reef expansion
CR-016,252.0 Ma,252000000.0000,Deep time: >100 Ma,1,511.716,0.107143,142857.142857,Crisis & decline,Global deep time,High,Core,End-Permian mass extinction devastates reefs
CR-017,251–249 Ma,251000000.0000,Deep time: >100 Ma,-1,518.716,0.108609,57142.857143,Recovery & resilience,Global deep time,High,Core,Microbial reefs dominate the immediate aftermath
CR-018,c. 250.6 Ma,250600000.0000,Deep time: >100 Ma,1,525.716,0.110075,514285.714286,Science & discovery,Global deep time,High,Core,Unexpectedly early post-Permian metazoan reefs
CR-019,c. 247–242 Ma,247000000.0000,Deep time: >100 Ma,-1,532.716,0.111540,857142.857143,Recovery & resilience,Global deep time,High,Core,Middle Triassic reef rebuilding accelerates
CR-020,c. 241–240 Ma,241000000.0000,Deep time: >100 Ma,1,539.716,0.113006,571428.571429,Origins & evolution,Global deep time,High,Core,Scleractinian corals appear in the fossil record
CR-021,237–201 Ma,237000000.0000,Deep time: >100 Ma,-1,546.716,0.114472,1562839.433102,Origins & evolution,Global deep time,High,Core,Triassic coral–sponge reefs spread
CR-022,201.4 Ma,201400000.0000,Deep time: >100 Ma,1,569.495,0.119241,978916.247482,Crisis & decline,Global deep time,High,Core,End-Triassic extinction causes another reef crisis
CR-023,190–160 Ma,190000000.0000,Deep time: >100 Ma,-1,581.141,0.121679,833027.948420,Recovery & resilience,Global deep time,High,Core,Jurassic coral reefs recover and expand
CR-024,145–100 Ma,145000000.0000,Deep time: >100 Ma,1,635.161,0.132990,660997.853241,Crisis & decline,Global deep time,High,Core,Rudist bivalves rival corals as reef builders
CR-025,120–90 Ma,120000000.0000,Deep time: >100 Ma,-1,672.982,0.140909,1169263.887173,Crisis & decline,Global deep time,High,Core,Ocean-anoxic events repeatedly reorganize reefs
CR-026,66.0 Ma,66000000.0000,Deep time: 100–2.6 Ma,1,719.165,0.150579,428571.428571,Crisis & decline,Global deep time,High,Core,Cretaceous–Paleogene extinction removes rudist reefs
CR-027,63–61 Ma,63000000.0000,Deep time: 100–2.6 Ma,-1,726.165,0.152045,501119.985500,Recovery & resilience,Global deep time,High,Core,Reef frameworks reappear after K–Pg
CR-028,56–40 Ma,56000000.0000,Deep time: 100–2.6 Ma,1,740.134,0.154969,355975.948208,Origins & evolution,Global deep time,High,Core,Eocene greenhouse reefs diversify
CR-029,34 Ma,34000000.0000,Deep time: 100–2.6 Ma,-1,801.936,0.167910,227224.573207,Crisis & decline,Global deep time,High,Core,Eocene–Oligocene cooling triggers coral turnover
CR-030,23–16 Ma,23000000.0000,Deep time: 100–2.6 Ma,1,850.346,0.178046,151112.927426,Origins & evolution,Global deep time,High,Core,Miocene reef-coral radiation
CR-031,15–5 Ma,15000000.0000,Deep time: 100–2.6 Ma,-1,903.287,0.189130,75281.104199,Origins & evolution,Coral Triangle / Indo-Pacific,High,Core,Coral diversity shifts toward the Indo-Pacific
CR-032,5.3–2.6 Ma,5300000.0000,Deep time: 100–2.6 Ma,1,1032.137,0.216109,32631.313535,Origins & evolution,Caribbean / Eastern Pacific,High,Core,Isthmus of Panama separates Atlantic and Pacific reefs
CR-033,c. 3.0 Ma,3000000.0000,Deep time: 100–2.6 Ma,-1,1102.622,0.230867,22568.831070,Origins & evolution,Global deep time,High,Core,Acroporid diversification accelerates
CR-034,2.6 Ma–present,2600000.0000,Deep time: 100–2.6 Ma,1,1120.345,0.234578,10417.038812,Origins & evolution,Global deep time,High,Core,Glacial sea-level cycles repeatedly dismantle and rebuild reefs
CR-035,c. 125 ka,125000.0000,Quaternary: 2.6 Ma–10 ka,-1,1357.937,0.284325,660.911681,"Experiment, method & monitoring",Global deep time,High,Core,Last-interglacial reefs record higher sea level
CR-036,30–19 ka,30000.0000,Quaternary: 2.6 Ma–10 ka,1,1501.677,0.314422,230.814341,Origins & evolution,Global deep time,High,Core,Last Glacial Maximum exposes most modern shelves
CR-037,14–8 ka,14000.0000,Quaternary: 2.6 Ma–10 ka,-1,1570.997,0.328936,96.914634,Origins & evolution,Global deep time,High,Core,Postglacial sea-level rise drives reef drowning and “catch-up” growth
CR-038,c. 8–6 ka,10026.5000,Holocene / pre-1500,1,1611.997,0.337520,100.345646,Origins & evolution,Great Barrier Reef / Coral Sea,High,Core,Modern Great Barrier Reef framework establishes
CR-039,c. 6 ka,8026.5000,Holocene / pre-1500,-1,1631.928,0.341694,58.948565,Origins & evolution,Global deep time,High,Core,Many modern reef flats reach sea level
CR-040,"c. 6,500 years ago",6526.5000,Holocene / pre-1500,1,1657.374,0.347021,38.093851,"People, records & policy",Great Barrier Reef / Coral Sea,High,Core,Documented Indigenous occupation of Great Barrier Reef islands
CR-041,"c. 3,200–2,800 years ago",3226.5000,Holocene / pre-1500,-1,1744.002,0.365160,25.423922,"People, records & policy",Coral Triangle / Western Pacific,High,Core,Lapita communities intensively exploit reef and lagoon resources
CR-042,"c. 3,000–2,000 years ago",3026.5000,Holocene / pre-1500,1,1751.869,0.366807,20.281302,"People, records & policy",Great Barrier Reef / Coral Sea,High,Core,Jiigurru pottery signals Coral Sea maritime networks
CR-043,"c. 2,000–500 years ago",2025.5000,Holocene / pre-1500,-1,1801.225,0.377141,11.970388,"People, records & policy",Caribbean / Florida,High,Core,Pre-Columbian Caribbean reef fisheries leave ecological baselines
CR-044,Before European contact,1026.5000,Holocene / pre-1500,1,1884.681,0.394615,7.151019,"People, records & policy",Coral Triangle / Western Pacific,High,Core,"Customary tenure, rāhui and tabu regulate Pacific reef use"
CR-045,1492–1504,534.5000,Holocene / pre-1500,-1,1953.482,0.409021,2.780488,"People, records & policy",Caribbean / Florida,Medium,Core,European Atlantic voyages encounter Caribbean reefs as hazards and resources
CR-046,1606,420.5000,1500–1799,1,1994.482,0.417605,2.049165,"People, records & policy",Great Barrier Reef / Coral Sea,Medium,Supporting,Torres Strait is navigated by a European expedition
CR-047,1699,327.5000,1500–1799,-1,2039.867,0.427108,2.169146,"People, records & policy",Indian Ocean / Red Sea / Gulf,High,Core,Dampier records north-west Australian coasts and reefs
CR-048,1768–1771,258.5000,1500–1799,1,2071.676,0.433768,0.285714,"People, records & policy",Global / multiple regions,High,Core,Cook expedition combines Pacific navigation and natural history
CR-049,11 June 1770,256.5000,1500–1799,-1,2078.676,0.435234,0.756098,"People, records & policy",Great Barrier Reef / Coral Sea,High,Core,Endeavour strikes the Great Barrier Reef
CR-050,1801–1803,225.5000,1800–1949,1,2119.676,0.443818,1.040421,"People, records & policy",Great Barrier Reef / Coral Sea,Medium,Supporting,Flinders charts passages through the Great Barrier Reef
CR-051,1831–1836,195.5000,1800–1949,-1,2148.511,0.449856,0.570902,Science & discovery,Global / multiple regions,High,Core,Darwin develops the subsidence theory during the Beagle voyage
CR-052,1842,184.5000,1800–1949,1,2167.778,0.453890,0.565636,Science & discovery,Global backbone,High,Core,Darwin publishes a global theory of coral-reef formation
CR-053,1846,180.5000,1800–1949,-1,2174.850,0.455371,0.555455,Science & discovery,Global backbone,High,Core,Dana publishes the first major systematic coral synthesis from a global expedition
CR-054,1868–1870,158.5000,1800–1949,1,2214.457,0.463664,0.544448,"People, records & policy",Deep / cold-water corals,High,Core,Deep-sea dredging reveals abundant cold-water corals
CR-055,1872–1876,154.5000,1800–1949,-1,2221.804,0.465202,0.651273,"People, records & policy",Global / multiple regions,High,Core,HMS Challenger launches systematic global oceanography
CR-056,1880,146.5000,1800–1949,1,2234.088,0.467774,0.142857,Science & discovery,Global backbone,High,Core,Murray proposes an alternative reef-formation theory
CR-057,1881–1883,145.5000,1800–1949,-1,2241.088,0.469240,0.577813,Science & discovery,Global backbone,High,Core,Brandt identifies the coral–algal symbiosis
CR-058,1896–1898,130.5000,1800–1949,1,2267.048,0.474675,0.506757,"Experiment, method & monitoring",Central / Eastern Pacific,High,Core,Funafuti drilling tests rival atoll theories
CR-059,1928–1929,98.5000,1800–1949,-1,2330.194,0.487897,0.285714,"Experiment, method & monitoring",Great Barrier Reef / Coral Sea,High,Core,Great Barrier Reef Expedition creates an integrated reef-research programme
CR-060,1930s,96.5000,1800–1949,1,2337.194,0.489362,0.864485,Science & discovery,Great Barrier Reef / Coral Sea,Medium,Supporting,Coral nutrition and symbiosis become experimental sciences
CR-061,1947–1952,79.5000,1800–1949,-1,2356.859,0.493480,0.195122,"Experiment, method & monitoring",Central / Eastern Pacific,High,Core,Pacific atoll drilling confirms thick reef caps over subsiding volcanoes
CR-062,1955,71.5000,1950–1979,1,2397.859,0.502064,0.224298,"Experiment, method & monitoring",Central / Eastern Pacific,High,Core,Whole-reef metabolism is quantified
CR-063,1959,67.5000,1950–1979,-1,2415.693,0.505798,0.115853,"Experiment, method & monitoring",Caribbean / Florida,High,Core,Photosynthesis is shown to accelerate coral calcification
CR-064,1961–1965,65.5000,1950–1979,1,2432.956,0.509413,0.115050,Crisis & decline,Great Barrier Reef / Coral Sea,Medium,Core,First modern crown-of-thorns outbreaks recorded on the GBR
CR-065,1966,60.5000,1950–1979,-1,2476.415,0.518512,0.114050,"Experiment, method & monitoring",Caribbean / Florida,Medium,Optional,Aquanaut programmes extend direct reef observation
CR-066,1969,57.5000,1950–1979,1,2502.719,0.524020,0.113221,"Experiment, method & monitoring",Global backbone,High,Core,Carbon transfer from zooxanthellae to coral is demonstrated
CR-067,1972,54.5000,1950–1979,-1,2529.216,0.529568,0.112630,"Experiment, method & monitoring",Global backbone,High,Core,Reef community metabolism and nutrient recycling are quantified
CR-068,1973,53.5000,1950–1979,1,2538.095,0.531427,0.240343,Science & discovery,Global backbone,High,Core,Bacteria are recognized as important reef trophic components
CR-069,1975,51.5000,1950–1979,-1,2546.416,0.533169,0.428571,"People, records & policy",Great Barrier Reef / Coral Sea,High,Core,Great Barrier Reef Marine Park Act creates a vast management framework
CR-070,1978,48.5000,1950–1979,1,2553.416,0.534635,0.142857,Science & discovery,Global backbone,High,Core,Intermediate-disturbance theory places reefs at the centre of ecological debate
CR-071,1979–1980,47.5000,1950–1979,-1,2560.416,0.536101,0.000000,Bleaching & heat stress,Global / multiple regions,Medium,Core,Modern mass-bleaching observations enter the scientific record
CR-072,1979,47.5000,1950–1979,1,2567.416,0.537566,0.048780,"People, records & policy",Caribbean / Florida,High,Supporting,Bonaire National Marine Park is established
CR-073,1981,45.5000,1980–1997,-1,2608.416,0.546151,0.000000,"People, records & policy",Great Barrier Reef / Coral Sea,High,Core,Great Barrier Reef is inscribed as World Heritage
CR-074,1981–1983,45.5000,1980–1997,1,2615.416,0.547617,0.142857,Science & discovery,Great Barrier Reef / Coral Sea,High,Core,Synchronous multi-species coral spawning is discovered
CR-075,1982–1983,44.5000,1980–1997,-1,2622.416,0.549082,0.000000,Bleaching & heat stress,Central / Eastern Pacific,High,Core,Strong El Niño causes catastrophic eastern-Pacific bleaching and mortality
CR-076,1982–1985,44.5000,1980–1997,1,2629.416,0.550548,0.000000,Crisis & decline,Caribbean / Florida,High,Core,White-band disease drives Caribbean Acropora collapse
CR-077,1982,44.5000,1980–1997,-1,2636.416,0.552013,0.142857,"People, records & policy",Coral Triangle / Western Pacific,High,Supporting,Apo Island community establishes a no-take marine sanctuary
CR-078,1983–1984,43.5000,1980–1997,1,2643.416,0.553479,0.083683,Crisis & decline,Caribbean / Florida,High,Core,Diadema mass mortality sweeps the Caribbean
CR-079,1985,41.5000,1980–1997,-1,2667.316,0.558483,0.055084,"People, records & policy",Global backbone,High,Core,Stony corals enter international wildlife-trade regulation
CR-080,1986,40.5000,1980–1997,1,2685.470,0.562284,0.054959,"Experiment, method & monitoring",Great Barrier Reef / Coral Sea,High,Core,AIMS Long-Term Monitoring Program begins
CR-081,1987–1988,39.5000,1980–1997,-1,2703.666,0.566094,0.058417,"Experiment, method & monitoring",Great Barrier Reef / Coral Sea,High,Core,Coral transplantation is tested as a management tool
CR-082,1990,36.5000,1980–1997,1,2755.021,0.576847,0.000000,"Experiment, method & monitoring",Central / Eastern Pacific,High,Core,Controlled heating establishes species and regional differences in thermal tolerance
CR-083,16-Nov-90,36.5000,1980–1997,-1,2762.021,0.578313,0.067194,"People, records & policy",Caribbean / Florida,High,Supporting,Florida Keys National Marine Sanctuary is designated
CR-084,1991,35.5000,1980–1997,1,2776.903,0.581429,0.054244,Science & discovery,Global backbone,High,Core,Molecular tools reveal hidden diversity in coral symbionts
CR-085,1992,34.5000,1980–1997,-1,2795.339,0.585289,0.063391,Science & discovery,Caribbean / Florida,High,Core,Genetics overturns a single-species view of a dominant Caribbean coral
CR-086,1995,31.5000,1980–1997,1,2842.664,0.595198,0.000000,"Experiment, method & monitoring",Caribbean / Florida,High,Core,Caribbean bleaching becomes a symbiont “natural experiment”
CR-087,1995–1997,31.5000,1980–1997,-1,2849.664,0.596663,0.285714,"Experiment, method & monitoring",Global backbone,Medium,Core,Satellite heat-stress metrics become operational for reefs
CR-088,1997–1998,29.5000,1980–1997,1,2856.664,0.598129,0.024390,Bleaching & heat stress,Global backbone,High,Core,First global mass coral bleaching event
CR-089,1998,28.5000,1998–2013,-1,2897.664,0.606714,0.000000,Bleaching & heat stress,Indian Ocean / Red Sea / Gulf,High,Core,Indian Ocean reefs suffer exceptional mortality
CR-090,1998,28.5000,1998–2013,1,2904.664,0.608179,0.000000,Bleaching & heat stress,Great Barrier Reef / Coral Sea,High,Core,Great Barrier Reef records its first modern mass bleaching
CR-091,1998–2000,28.5000,1998–2013,-1,2911.664,0.609645,0.129894,"Experiment, method & monitoring",Global backbone,High,Core,Global Coral Reef Monitoring Network consolidates post-bleaching reporting
CR-092,1999,27.5000,1998–2013,1,2919.362,0.611257,0.000000,"Experiment, method & monitoring",Global backbone,High,Core,Experiments identify photosystem damage as a bleaching mechanism
CR-093,1999,27.5000,1998–2013,-1,2926.362,0.612722,0.034984,Science & discovery,Global backbone,High,Core,Climate projections warn that annual bleaching could become commonplace
CR-094,2000,26.5000,1998–2013,1,2954.947,0.618707,0.031080,"Experiment, method & monitoring",Indian Ocean / Red Sea / Gulf,High,Core,Solar exposure history is shown to shape bleaching susceptibility
CR-095,2001,25.5000,1998–2013,-1,2987.122,0.625444,0.034757,"Experiment, method & monitoring",Caribbean / Florida,High,Core,“Adaptive bleaching” hypothesis is tested with transplants
CR-096,2002,24.5000,1998–2013,1,3015.892,0.631468,0.000000,Bleaching & heat stress,Great Barrier Reef / Coral Sea,High,Core,Second major Great Barrier Reef mass bleaching event
CR-097,2002,24.5000,1998–2013,-1,3022.892,0.632934,0.034633,Science & discovery,Global backbone,High,Core,Coral-associated bacterial communities are mapped with molecular methods
CR-098,2003,23.5000,1998–2013,1,3051.767,0.638980,0.034499,Science & discovery,Global backbone,High,Core,Reef resilience framework links climate change and local human pressure
CR-099,2004,22.5000,1998–2013,-1,3080.753,0.645049,0.000000,Science & discovery,Coral Triangle / Western Pacific,High,Core,Thermally adapted symbionts are linked to greater coral heat tolerance
CR-100,2004,22.5000,1998–2013,1,3087.753,0.646514,0.034356,"People, records & policy",Great Barrier Reef / Coral Sea,High,Core,Great Barrier Reef rezoning greatly expands no-take protection
CR-101,2005,21.5000,1998–2013,-1,3116.860,0.652609,0.038854,Bleaching & heat stress,Caribbean / Florida,High,Core,Record Caribbean thermal stress and bleaching
CR-102,2006,20.5000,1998–2013,1,3142.597,0.657998,0.000000,"People, records & policy",Caribbean / Florida,High,Core,Elkhorn and staghorn corals receive U.S. Endangered Species Act protection
CR-103,2006,20.5000,1998–2013,-1,3149.597,0.659463,0.000000,Science & discovery,Deep / cold-water corals,High,Core,Deep cold-water coral reefs become a mainstream conservation issue
CR-104,2006,20.5000,1998–2013,1,3156.597,0.660929,0.033948,"Experiment, method & monitoring",Caribbean / Florida,High,Core,Fishing experiments reveal herbivore-driven trophic cascades
CR-105,2008,18.5000,1998–2013,-1,3215.510,0.673264,0.033666,Science & discovery,Global backbone,High,Core,Global assessment finds one-third of reef-building corals at elevated extinction risk
CR-106,2009–2011,17.5000,1998–2013,1,3245.213,0.679483,0.000000,"Experiment, method & monitoring",Coral Triangle / Western Pacific,High,Core,Natural CO2 seeps show how acidification restructures reefs
CR-107,15-May-09,17.5000,1998–2013,-1,3252.213,0.680949,0.043688,"People, records & policy",Coral Triangle / Western Pacific,High,Supporting,Coral Triangle Initiative launches regional political cooperation
CR-108,2010,16.5000,1998–2013,1,3275.103,0.685742,0.000000,Bleaching & heat stress,Global backbone,High,Core,Second global mass coral bleaching event
CR-109,2010,16.5000,1998–2013,-1,3282.103,0.687207,0.000000,Bleaching & heat stress,Coral Triangle / Western Pacific,High,Core,Southeast Asia and the Andaman Sea experience severe bleaching
CR-110,2010,16.5000,1998–2013,1,3289.103,0.688673,0.043298,"People, records & policy",Indian Ocean / Red Sea / Gulf,High,Supporting,United Kingdom declares the Chagos Marine Protected Area
CR-111,2011,15.5000,1998–2013,-1,3312.199,0.693509,0.000000,Science & discovery,Coral Triangle / Western Pacific,High,Core,First reef-coral genome is published
CR-112,2011,15.5000,1998–2013,1,3319.199,0.694975,0.047635,Bleaching & heat stress,Indian Ocean / Red Sea / Gulf,High,Core,Western Australia marine heatwave causes unprecedented reef loss
CR-113,2012,14.5000,1998–2013,-1,3340.192,0.699370,0.000000,Science & discovery,Great Barrier Reef / Coral Sea,High,Core,"GBR monitoring attributes long decline to cyclones, crown-of-thorns and bleaching"
CR-114,2012,14.5000,1998–2013,1,3347.192,0.700836,0.142857,"Experiment, method & monitoring",Global / multiple regions,High,Core,Panoramic reef-imaging programmes create a visual baseline
CR-115,2013,13.5000,1998–2013,-1,3354.192,0.702301,0.024390,Science & discovery,Global backbone,High,Core,Meta-analysis consolidates ocean-acidification effects across taxa
CR-116,2014,12.5000,2014–2026,1,3395.192,0.710886,0.000000,Science & discovery,Global backbone,High,Core,Assisted evolution is proposed as an explicit reef-intervention strategy
CR-117,2014–2017,12.5000,2014–2026,-1,3402.192,0.712352,0.000000,Bleaching & heat stress,Global backbone,High,Core,Third global mass coral bleaching event
CR-118,2014,12.5000,2014–2026,1,3409.192,0.713817,0.032524,"Experiment, method & monitoring",Coral Triangle / Western Pacific,High,Core,Genomic and physiological work maps heat-resistant coral populations
CR-119,2015,11.5000,2014–2026,-1,3439.939,0.720255,0.000000,Science & discovery,Great Barrier Reef / Coral Sea,High,Core,Reciprocal and genomic studies show heat tolerance is partly heritable
CR-120,2015,11.5000,2014–2026,1,3446.939,0.721721,0.000000,"Experiment, method & monitoring",Global backbone,High,Supporting,ReFuGe 2020 coordinates coral genomic resources
CR-121,2015–2016,11.5000,2014–2026,-1,3453.939,0.723186,0.024206,"Experiment, method & monitoring",Central / Eastern Pacific,High,Core,Kiritimati heatwave becomes a prolonged natural experiment
CR-122,2016,10.5000,2014–2026,1,3495.251,0.731837,0.000000,Bleaching & heat stress,Great Barrier Reef / Coral Sea,High,Core,Great Barrier Reef suffers unprecedented northern mass bleaching
CR-123,2016,10.5000,2014–2026,-1,3502.251,0.733302,0.000000,Bleaching & heat stress,Indian Ocean / Red Sea / Gulf,High,Core,Western Australian thermally extreme reefs bleach at regional scale
CR-124,2016,10.5000,2014–2026,1,3509.251,0.734768,0.000000,Science & discovery,Global backbone,High,Core,Global “bright spots” analysis identifies unexpectedly successful reefs
CR-125,2016–2017,10.5000,2014–2026,-1,3516.251,0.736233,0.022103,Crisis & decline,Caribbean / Florida,High,Core,Stony coral tissue loss disease emerges as a Caribbean crisis
CR-126,2017,9.5000,2014–2026,1,3561.494,0.745707,0.000000,Bleaching & heat stress,Great Barrier Reef / Coral Sea,High,Core,Back-to-back bleaching strikes the central Great Barrier Reef
CR-127,2017,9.5000,2014–2026,-1,3568.494,0.747172,0.020306,"Experiment, method & monitoring",Caribbean / Florida,High,Core,Larval “seeding” demonstrates a lower-cost restoration pathway
CR-128,2018,8.5000,2014–2026,1,3617.740,0.757483,0.000000,Science & discovery,Global backbone,High,Core,Mass bleaching becomes five times more frequent than in the early 1980s
CR-129,2018,8.5000,2014–2026,-1,3624.740,0.758949,0.000000,Science & discovery,Global backbone,High,Core,Reef accretion models warn many reefs may fail to track sea-level rise
CR-130,2018–2020,8.5000,2014–2026,1,3631.740,0.760415,0.021580,Science & discovery,Deep / cold-water corals,High,Supporting,Mesophotic reefs are tested—and limited—as climate refuges
CR-131,2019,7.5000,2014–2026,-1,3678.080,0.770117,0.000000,Science & discovery,Global backbone,High,Core,Global analysis maps two decades of bleaching patterns
CR-132,2019,7.5000,2014–2026,1,3685.080,0.771583,0.000000,Science & discovery,Great Barrier Reef / Coral Sea,High,Core,Recruitment collapse is documented after repeated GBR bleaching
CR-133,2019,7.5000,2014–2026,-1,3692.080,0.773049,0.021252,"Experiment, method & monitoring",Atlantic / Africa,High,Core,Coral probiotics show experimental protection from heat stress
CR-134,2020,6.5000,2014–2026,1,3739.134,0.782901,0.000000,Bleaching & heat stress,Great Barrier Reef / Coral Sea,High,Core,Great Barrier Reef experiences its third mass bleaching in five years
CR-135,2020,6.5000,2014–2026,-1,3746.134,0.784366,0.000000,"Experiment, method & monitoring",Great Barrier Reef / Coral Sea,High,Core,Laboratory evolution of symbionts increases coral heat tolerance
CR-136,2020–2024,6.5000,2014–2026,1,3753.134,0.785832,0.019446,"Experiment, method & monitoring",Great Barrier Reef / Coral Sea,High,Supporting,ReefCloud and related platforms automate benthic-image analysis
CR-137,2021,5.5000,2014–2026,-1,3804.559,0.796600,0.000000,Science & discovery,Global backbone,High,Core,Global monitoring estimates 14% coral loss from 2009 to 2018
CR-138,2021,5.5000,2014–2026,1,3811.559,0.798065,0.017852,"Experiment, method & monitoring",Global backbone,High,Core,Allen Coral Atlas produces global high-resolution reef habitat maps
CR-139,2022,4.5000,2014–2026,-1,3867.576,0.809794,0.000000,Bleaching & heat stress,Great Barrier Reef / Coral Sea,High,Core,GBR mass bleaching occurs during La Niña
CR-140,2022,4.5000,2014–2026,1,3874.576,0.811260,0.018546,"Experiment, method & monitoring",Central / Eastern Pacific,High,Supporting,Thermal stress is linked to productive viral infection in coral symbionts
CR-141,2023,3.5000,2014–2026,-1,3928.497,0.822550,0.000000,Bleaching & heat stress,Caribbean / Florida,High,Core,Unprecedented Florida Keys heat triggers emergency coral rescue
CR-142,2023,3.5000,2014–2026,1,3935.497,0.824015,0.000000,Bleaching & heat stress,Global backbone,High,Core,Fourth global bleaching event begins
CR-143,2023,3.5000,2014–2026,-1,3942.497,0.825481,0.019122,Science & discovery,Deep / cold-water corals,High,Supporting,Deep-sea origin analysis reframes coral bathymetric evolution
CR-144,2024,2.5000,2014–2026,1,3994.793,0.836431,0.000000,Bleaching & heat stress,Great Barrier Reef / Coral Sea,High,Core,Great Barrier Reef records its largest bleaching footprint
CR-145,2024,2.5000,2014–2026,-1,4001.793,0.837896,0.000000,"Experiment, method & monitoring",Global / multiple regions,High,Supporting,Coral Sea and global reef monitoring scale up during an active mass event
CR-146,Apr-24,2.5000,2014–2026,1,4008.793,0.839362,0.024433,Bleaching & heat stress,Global backbone,High,Core,NOAA and ICRI declare the fourth global bleaching event
CR-147,2025,1.5000,2014–2026,-1,4049.721,0.847932,0.000000,Bleaching & heat stress,Global backbone,High,Core,Fourth global event becomes the largest on record
CR-148,2025,1.5000,2014–2026,1,4056.721,0.849397,0.000000,Bleaching & heat stress,Great Barrier Reef / Coral Sea,High,Core,Consecutive mass bleaching returns to the Great Barrier Reef
CR-149,2025,1.5000,2014–2026,-1,4063.721,0.850863,0.000000,Bleaching & heat stress,Indian Ocean / Red Sea / Gulf,High,Core,"Western Australia experiences extraordinary, widespread bleaching"
CR-150,2025,1.5000,2014–2026,1,4070.721,0.852329,0.000000,Science & discovery,Great Barrier Reef / Coral Sea,High,Core,AIMS reports sharp coral-cover declines after the 2024 GBR event
CR-151,2025,1.5000,2014–2026,-1,4077.721,0.853794,0.000000,Science & discovery,Global backbone,High,Core,Largest global coral phylogeny rewrites deep-time origins
CR-152,30-Sep-25,1.5000,2014–2026,1,4084.721,0.855260,0.000000,Bleaching & heat stress,Global backbone,High,Core,Bleaching-level heat exposure stops expanding globally
CR-153,2025–2026,1.5000,2014–2026,-1,4091.721,0.856726,0.019271,"Experiment, method & monitoring",Global backbone,High,Supporting,Computer-vision reef datasets accelerate automated monitoring
CR-154,2-Jun-26,0.5000,2014–2026,1,4143.614,0.867591,0.055098,"Experiment, method & monitoring",Global backbone,High,Core,NOAA says the fourth global bleaching event likely ended in 2025
PJ-001,2030,-3.5000,Projected: 2027–2100,-1,4216.211,0.882791,0.082014,"People, records & policy",Global / multiple regions,High,Core,IPCC finds conservation alone cannot protect reefs beyond 2030
PJ-002,2034,-7.5000,Projected: 2027–2100,1,4264.984,0.893003,0.114884,Bleaching & heat stress,Global / multiple regions,High,Core,99% of reefs pass the five-yearly severe bleaching threshold by 2034 under high emissions
PJ-003,2040,-13.5000,Projected: 2027–2100,-1,4317.210,0.903938,0.162175,Crisis & decline,Caribbean / Florida,High,Core,Most western Atlantic reefs turn from building to eroding by 2040
PJ-004,2050,-23.5000,Projected: 2027–2100,1,4378.872,0.916849,0.000000,Recovery & resilience,Great Barrier Reef / Coral Sea,High,Core,"Great Barrier Reef coral declines sharply by mid-century, but can still recover below 2°C"
PJ-005,2050,-23.5000,Projected: 2027–2100,-1,4385.872,0.918315,0.206904,"People, records & policy",Central / Eastern Pacific,High,Core,Most atoll islands become uninhabitable around the middle of this century
PJ-006,2070,-43.5000,Projected: 2027–2100,1,4482.535,0.938554,0.251128,Bleaching & heat stress,Global / multiple regions,High,Core,"Three quarters of reefs bleach severely every year before 2070, even on the Paris pledges"
PJ-007,2080,-53.5000,Projected: 2027–2100,-1,4522.355,0.946892,0.000000,Bleaching & heat stress,Great Barrier Reef / Coral Sea,High,Core,Annual severe bleaching on the Great Barrier Reef by about 2080 under high emissions
PJ-008,2080,-53.5000,Projected: 2027–2100,1,4529.355,0.948357,0.373319,Bleaching & heat stress,Global / multiple regions,High,Core,Bleaching season shifts from late summer to spring by 2080
PJ-009,2100,-73.5000,Projected: 2027–2100,-1,4582.929,0.959575,0.000000,Crisis & decline,Global / multiple regions,High,Core,Global reef carbonate production falls below zero by 2100 on mid and high emissions
PJ-010,2100,-73.5000,Projected: 2027–2100,1,4589.929,0.961040,0.000000,"Experiment, method & monitoring",Caribbean / Florida,High,Core,Restoring one branching coral could let a reef keep pace with 0.5 m of sea-level rise
PJ-011,2100,-73.5000,Projected: 2027–2100,-1,4596.929,0.962506,0.000000,Science & discovery,Global / multiple regions,High,Core,"Reef carbonate production can recover this century, but only with strong mitigation"
PJ-012,2100,-73.5000,Projected: 2027–2100,1,4603.929,0.963972,0.243902,Crisis & decline,Global / multiple regions,High,Core,A bleaching rate above 7.9% a year tips reefs into lasting degradation
PJ-013,1.5°C and 2°C above pre-industrial,-83.5000,"Scenario, no date given",-1,4644.929,0.972556,0.285714,"People, records & policy",Global / multiple regions,High,Core,"IPCC: reefs decline a further 70–90% at 1.5°C, and more than 99% at 2°C"
PJ-014,"RCP3-PD, RCP4.5; warming below 1.5°C",-85.5000,"Scenario, no date given",1,4651.929,0.974022,0.285714,Bleaching & heat stress,Global / multiple regions,High,Core,Keeping more than a tenth of reefs needs warming held below 1.5°C
PJ-015,1.5°C and 2.0°C of global warming,-87.5000,"Scenario, no date given",-1,4658.929,0.975488,0.118159,Recovery & resilience,Global / multiple regions,High,Core,"Local thermal refuges all but vanish at 1.5°C, and completely at 2°C"
PJ-016,~3°C of global warming,-89.5000,"Scenario, no date given",1,4675.855,0.979032,0.099521,Recovery & resilience,Great Barrier Reef / Coral Sea,High,Core,Great Barrier Reef refuges hold their advantage only until about 3°C
PJ-017,RCP2.6 and RCP4.5 (persistence) vs RCP6.0 and RCP8.5 (extinction),-91.5000,"Scenario, no date given",-1,4695.951,0.983239,0.099695,Recovery & resilience,Central / Eastern Pacific,High,Core,"Corals can evolve fast enough to survive, but only on low-emissions pathways"
PJ-018,gradual warming; 20–50 coral generations (100–250 years),-93.5000,"Scenario, no date given",1,4716.013,0.987440,0.099862,Origins & evolution,Great Barrier Reef / Coral Sea,High,Core,Enough genetic variation exists for region-wide adaptation over 100–250 years
PJ-019,all climate scenarios modelled; 50-year horizon,-95.5000,"Scenario, no date given",-1,4736.040,0.991633,0.100023,"Experiment, method & monitoring",Great Barrier Reef / Coral Sea,High,Core,Large-scale intervention buys the Great Barrier Reef one to two decades
PJ-020,high emissions scenarios (not individually named),-97.5000,"Scenario, no date given",1,4756.036,0.995820,0.100179,Science & discovery,Global / multiple regions,High,Core,"Swapping algal partners delays decline, until the warming rate outruns it"
PJ-021,climate change scenarios (not individually named),-99.5000,"Scenario, no date given",-1,4776.000,1.000000,,"Experiment, method & monitoring",Global / multiple regions,High,Core,Transplanting heat-tolerant corals helps only if sustained for a century
