dc:title,prism:publicationName,prism:coverDate,prism:volume,prism:issueIdentifier,prism:pageRange,prism:doi,subtype,subtypeDescription,citedby-count,eid,pubmed-id,openaccess,abstract,authors,themes
Back-to-back triggering of tropical cyclones during extreme positive IOD event in the Arabian Sea,Climate Dynamics,2026-02-01,64,2,,10.1007/s00382-025-07993-1,ar,Article,0,2-s2.0-105026861705,,0,"Ocean-atmospheric interactions are known to be crucial for the prediction of genesis and intensification of tropical cyclones (TCs). The TCs are the most catastrophic natural disasters threatening livelihood and socioeconomy, which are abruptly altered by regional climate variability. The present study investigates the cascading impacts of an extreme positive Indian Ocean Dipole (PIOD) event of 2019 on the severity and frequency of TCs and marine heatwaves (MHWs) in the Arabian Sea. During the extreme PIOD phase, anomalous easterly winds enhanced SST zonal gradients in the tropical Indian Ocean, triggering a downwelling equatorial Kelvin wave, which was further intensified by the reflection of Rossby wave from the African coast, thereby contributing to increased MHWs and TC activity. This study highlights that the Arabian Sea in 2019 experienced an anomalously high SST, marking the first historical record by exceeding its dipole mode index value of 2.1 °C; subsequently attributed to high MHW frequency (9 events) and five TC occurrences. A prolonged occurrence of surface and subsurface MHWs is observed prior to the TCs. The vertical coupling between surface and subsurface MHWs regulates the thermal structure of the upper ocean and, in turn, modulates TC activity in the Arabian Sea. Furthermore, a bimodal pattern of subsurface MHWs with pronounced warm anomalies was observed during the pre-monsoon (March-May) and post-monsoon (October-December) periods, indicating two distinct phases of subsurface heat accumulation and persistence in the Arabian Sea. The decreased vertical wind shear and low-level jet are favorable for the prolonged sustenance of MHWs and TC activity during the onset of monsoon. The findings provide insights into the synergistic interplay of extreme PIOD event associated MHW, TCs, and their implications for regional climate variability during 2019.","Jena, Amit Kumar; Behera, Manasa Ranjan; Mohanty, Sachiko; Srineash, V. K.","4,5,10,13"
Increasing bottom marine heatwaves pose a critical risk to Mediterranean benthic species,Cell Reports Sustainability,2026-01-01,,,,10.1016/j.crsus.2025.100610,ar,Article,0,2-s2.0-105028414224,,1,"Marine heatwaves (MHWs) are extreme ocean temperature events broadly affecting marine ecosystems. The Mediterranean Sea has faced severe impacts from increasing MHWs in recent decades. Utilizing daily projected subsurface temperatures, we assess the exposure of Mediterranean threatened benthic species to bottom MHWs (BMHWs). Our results report that over 90% of threatened benthic species’ habitats will experience 150–300 BMHW days annually throughout the 21st century, with 83% exposed to extreme BMHWs. Under near-present conditions, longer BMHW durations occur in deeper waters. By 2070–2099, BMHW durations are projected to increase, with extreme events affecting benthic species at all depths year-round. Notably, Cnidaria, Crustacea, and Echinodermata are projected to face high exposure, with substantial portions of their current and future distributions falling within the highest BMHW categories. Our projections align with historical mass mortality events, highlighting the need for targeted conservation strategies to mitigate BMHW impacts on Mediterranean benthic species.","Konsta, Katerina; Katsanevakis, Stelios; Stranga, Yolanda; D. Mazaris, Antonios","3,7,11"
Subsurface Marine Heatwaves Intensity Projected to Decrease in the Caribbean Sea Under RCP8.5,Geophysical Research Letters,2025-12-16,52,23,,10.1029/2025GL117730,ar,Article,0,2-s2.0-105023189938,,1,"Marine heatwaves (MHWs)—extreme ocean temperature anomalies—are increasing in frequency and intensity globally, yet their vertical structure and drivers remain underexplored in the Caribbean Sea (CS), a region of critical ecological and socioeconomic importance. Using high resolution climate model simulations and reanalysis fields, we show that MHW intensity in the CS peaks in the subsurface, where vertical gradients of temperature are stronger, and that MHWs are associated with the passage of Rossby waves. Projections under the RCP8.5 scenario reveal that while the ocean continues to warm to the end of the century, subsurface MHW intensity weakens. This decline is associated with a weaker thermocline, reduced ocean currents and eddy kinetic energy, and less energetic Rossby waves. Reducing uncertainties in climate projections will be essential to improve our understanding of how marine heat extremes may evolve and affect Caribbean ecosystems.","Sala, Jacopo; Giglio, Donata; Capotondi, Antonietta; Seijo-Ellis, Giovanni; Castruccio, Frederic","3,4,5,10"
Vertical structure of subsurface marine heatwaves in a shallow nearshore upwelling system,Scientific Reports,2025-12-01,15,1,,10.1038/s41598-025-90565-4,ar,Article,5,2-s2.0-85218700246,39984585,1,"Marine heatwaves (MHWs) are increasing in frequency and intensity globally and are among the greatest threats to marine ecosystems. However, limited studies have characterized subsurface MHWs, particularly in shallow waters. We utilized nearly two decades of full water-column (~ 10 m) observations from a unique automated profiler in central California to characterize, for the first time, the vertical structure of MHWs in a shallow nearshore upwelling system. We found MHWs have similar average durations and intensities across all depths, but there were ~ 17% more bottom MHW days than surface MHW days. Nearly one third of bottom MHWs occurred independently of surface MHWs, indicating that satellites miss a significant fraction of events. MHWs showed distinct seasonality with more frequent and intense events during the fall/winter when weak stratification allowed for MHWs to occupy a larger portion of the water column and persist longer. During summer, strong stratification limited the vertical extent of MHWs, leading to surface- and bottom-trapped events with shorter durations and intensities. Additionally, MHW initiation and termination across depths was consistently linked to anomalously low and high coastal upwelling, respectively. This study highlights the need for expansion of subsurface monitoring of MHWs globally amid a warming planet.","Plume, Gavin; Walter, Ryan K.; Cobb, Isabelle; Dalsin, Michael; Mazzini, Piero L.F.; Shunk, Nathan P.; Robbins, Ian; Connolly, Thomas P.","3,4,13"
Strong impact of tropical cyclones on the genesis of subsurface marine heatwaves,Communications Earth and Environment,2025-12-01,6,1,,10.1038/s43247-025-02992-w,ar,Article,0,2-s2.0-105026215695,,1,"Subsurface marine heatwaves are newly recognized extreme ocean events with profound impacts on global marine ecosystems. Previous studies have linked their formation to downwelling favorable surface winds, warm ocean eddies, and planetary waves, yet whether other potential drivers of these heatwaves exist remains unclear. The tropical cyclones are well known to induce a pronounced warming in the subsurface. Here, we show that the induced warming can efficiently trigger subsurface marine heatwaves. It is shown from an ocean reanalysis that such warming reaches the heatwave threshold at least once along the tropical cyclone life cycle for 79.4% of the tropical cyclones. Tropical cyclone-induced heatwaves thus account for up to 40.0% of the heatwaves in cyclone-active regions. The area and intensity of tropical cyclone-induced heatwaves have increased over the past two decades, likely due to the steady warming of subsurface temperatures.","Wang, Xilong; Lian, Tao; Zhang, Han; Roughan, Moninya; Li, Junde; Liu, Ting; Zhang, Yanwei","3,4,5"
Vertical transitions of marine heatwaves influenced by seasonally varying atmospheric forcing and coastal upwelling system,Communications Earth and Environment,2025-12-01,6,1,,10.1038/s43247-025-02853-6,ar,Article,0,2-s2.0-105022080977,,1,"Under ongoing global warming, global coastal upwelling systems are increasingly recognized as potential thermal refugia from marine heatwaves, owing to their ability to transport colder subsurface water to the surface. Here we hypothesized that the upwelling (downwelling) concurrent with marine heatwaves would restrict (deepen) their maximum depth. Mixed-layer heat budget analyses using satellite and reanalysis datasets revealed an intrinsic connection between the seasonally varying upwelling system and marine heatwaves over the Greater Bay Area of China. Notably, upwelling driven by local monsoons and coastal topography appears to limit the vertical extent of marine heatwaves, modulating transitions between surface and subsurface events. Our findings provide a distinct perspective on the role of coastal upwelling in shaping the vertical structure of marine heatwaves. While upwelling regions may still serve as thermal refugia under continued warming, their buffering effect is likely more pronounced for subsurface or bottom marine heatwaves than for surface events.","Hu, Yuwei; Wang, Chunzai","3,4,13"
Lifting the lid on Marine Heatwaves,Progress in Oceanography,2025-12-01,239,,,10.1016/j.pocean.2025.103539,ar,Article,2,2-s2.0-105016132998,,1,"Life is ubiquitous throughout the ocean, with species abundance and richness often greatest below the surface. As a result, ocean extremes throughout the water column may impact resident marine organisms and ecosystems. However, ocean extremes, such as marine heatwaves, have been commonly described based on surface observations. Given the importance of subsurface ocean processes, such as nutrient recycling, (de)oxygenation, and carbon transport, there has been an increasing focus on subsurface marine heatwaves (MHWs). Subsurface MHWs are prolonged warm ocean temperature extremes, and have a diversity of vertical structures linked with different driving mechanisms. Warming may be confined to the surface mixed layer; it may extend much deeper, potentially affecting the entire water column; it may appear only below the surface, with no surface signature, or it may be isolated near to or connected with the seafloor. Based on existing literature and a new analysis of subsurface MHW structure, we propose a comprehensive naming convention, differentiating between mixed layer, deep, thermocline, full depth, submerged and benthic marine heatwaves. Most surface-confined MHWs are associated with surface heat fluxes or shallow ocean advection or mixing. Conversely, many subsurface events are likely related to the vertical or horizontal displacement of temperature gradients/fronts, deep advection, and/or subduction of warm waters below the mixed layer. Different MHW vertical structures also have varying impacts on ocean biogeochemistry. However, due to the sparsity of physical, biogeochemical and biological observations, as well as the complexity of identifying and describing subsurface MHWs, there is limited understanding of the impact of subsurface MHW extremes. The nomenclature proposed in this paper seeks to provide a common language for understanding subsurface MHWs, thus enabling inter-disciplinary studies to quantify their impact.","Malan, Neil; Gupta, Alex Sen; Schaeffer, Amandine; Zhang, Shujing; Doblin, Martina A.; Pilo, Gabriela Semolini; Kiss, Andrew E.; Everett, Jason D.; Behrens, Erik; Capotondi, Antonietta; Cravatte, Sophie; Hobday, Alistair J.; Holbrook, Neil J.; Kajtar, Jules B.; Spillman, Claire M.","3,4,7"
Subsurface marine heatwaves: challenging to detect at the surface yet critically important,Journal of Oceanology and Limnology,2025-11-01,43,6,1685-1687,10.1007/s00343-025-5225-7,ed,Editorial,0,2-s2.0-105018489481,,1,,"Hu, Shijian","3,4,13"
Summertime bottom marine heatwaves in the East China Sea driven by oceanic circulation,Journal of Oceanology and Limnology,2025-11-01,43,6,1726-1738,10.1007/s00343-025-4218-x,ar,Article,2,2-s2.0-105004450033,,0,"Bottom marine heatwaves (BMHWs), i.e., anomalous ocean warming at the seafloor, can happen without concurrent surface marine heatwaves (SMHWs), which pose a serious threat to marine ecosystems and present a challenge to detect and study them adequately. This type of event is called independent BMHWs. This study examines the summertime BMHWs on the continental shelf of the East China Sea (ECS) using oceanic reanalysis data from 1993 to 2020. Our results show that summertime BMHWs in the ECS are generally more intense than SMHWs, with some BMHW events occurring without surface expression. Through heat budget analyses of the 2016 SMHW event and the 2019 BMHW event, we investigated the drivers of independent summertime BMHWs. It is indicated that the occurrences of bottom temperature anomalies in summer are predominantly attributed to oceanic horizontal advection. Specifically, the summertime BMHWs on the central ECS shelf are closely related to the strengthening of the inshore branch of the Taiwan Warm Current (TWC) and the weakening of the offshore TWC branch. These findings provide important insights into the underlying physical processes and diagnostic tools for monitoring and managing independent BMHWs in the ECS.","Gao, Jiaxiang; Zhang, Rong Hua; Zhi, Hai","3,4,10"
Differences in subsurface marine heatwave characteristics at two tropical South West Indian Ocean islands: influence of the south equatorial countercurrent and eddy activity,Climate Dynamics,2025-09-01,63,9,,10.1007/s00382-025-07862-x,ar,Article,0,2-s2.0-105016478381,,1,"Prolonged marine heatwaves (MHWs) around small island developing states can lead to severe ecological and socio-economic consequences. This study aims at characterizing subsurface MHWs and their potential drivers around the Seychelles and Comoros, rich in biodiversity and prominent to tropical cyclone intensification. Both regions show intensified MHWs in the thermocline, but with a higher intensity and duration in Seychelles. About 84% of subsurface MHWs in Comoros are independent of surface events, suggesting the importance of ocean dynamics whereas in Seychelles, this figure is only 57% due to a shallower thermocline which is more sensitive to atmospheric forcing. Favourable dynamics for subsurface MHWs and sea surface height (SSH) extremes in Comoros tending to occur in May–June include strengthening of the North East Madagascar Current, and prevailing downwelling winds, which deepen the thermocline. Subsurface MHWs and SSH extremes in Seychelles tend to be strongest in February–March but longest-lasting in November–December. In March, intense subsurface MHWs occur due to a relaxation of the winds and downwelling winds. In November–December, long-lasting subsurface MHWs seem linked to the intrusion of the South Equatorial Counter Current, mesoscale activity and downwelling Rossby waves. During the Indian Ocean Dipole events of 1997/98 and 2019/20, long-lived MHW intensities in Seychelles reached 9 °C. Long-lived subsurface MHWs have a higher SSH, and ocean heat content related to a deepening of the thermocline, but lower eddy kinetic energy, characterized by slow-moving and low amplitude anticyclonic eddies. These findings provide insights into the nature of short-lived and long-lived subsurface MHWs, necessary for understanding and mitigating their impacts.","Mawren, D.; Hermes, J.; Reason, C. J.C.","3,4,10"
ENSO Influences Subsurface Marine Heatwave Occurrence in the Kuroshio Extension,Journal of Geophysical Research Oceans,2025-09-01,130,9,,10.1029/2025JC022899,ar,Article,0,2-s2.0-105015207707,,1,"Extreme ocean temperature events, also known as marine heatwaves (MHWs), can have devastating consequences for ecosystems, communities, and economies. However, the ability to understand and predict MHWs beneath the sea surface is limited by a scarcity of subsurface observations. Here, we combined in situ temperature observations from a High-Resolution eXpendable BathyThermograph (HR-XBT) transect in the northwest Pacific Ocean with satellite observations to produce a multidecadal (1993–2022) subsurface temperature time series with 10-day temporal resolution. This novel time series was used to examine MHWs between the surface and 800-m deep in the Kuroshio-Kuroshio Extension region east of Japan. The length of this 30-year time series also permitted exploration of long-term trends and interannual variability in subsurface temperature. Variability in the Kuroshio-Kuroshio Extension system is found to exert a strong control on the occurrence of MHWs along the transect. Throughout the upper 800-m of the water column, Kuroshio warming drove a significant increase in Kuroshio MHW days per year. Notably, the largest mean MHW event intensities were observed in the subsurface at every location along the transect rather than at the sea surface. Strengthening of the Kuroshio Extension and its southern recirculation gyre during El Niño drove a significant increase in subsurface MHWs where the intensified current system intersected the transect. In contrast, surface MHW occurrence along the transect was not influenced by the El Niño-Southern Oscillation (ENSO). Clearly, relying only on sea surface temperature observations does not provide the full picture of MHWs in this highly dynamic region.","Chandler, Mitchell; Sprintall, Janet; Zilberman, Nathalie V.","3,4,5,10"
Subsurface manifestation of marine heat waves in the southwestern Indian Ocean,Ocean Science,2025-08-05,21,4,1695-1708,10.5194/os-21-1695-2025,ar,Article,1,2-s2.0-105012985657,,1,"Marine heat waves (MHWs) are extreme events of prolonged, anomalously warm ocean temperatures. Globally, marine heat waves are increasing in frequency and intensity and are responsible for long-term impacts on marine ecosystems, which have devastating socio-economic consequences. A key gap in our understanding of MHWs is how they manifest in the subsurface. This paper uses satellite sea surface temperature (SST) data and in situ subsurface temperature observations from expendable bathythermographs (XBTs) to investigate the anomalous water temperature characteristics associated with surface-identified MHWs in the southwestern Indian Ocean (SWIO) and how they progress through the water column. We find that (1) regions of high eddy activity in the Mozambique Channel and southeast of Madagascar, where eddy kinetic energy is high and SST variability is low, are primarily characterised by the occurrence of abrupt and intense MHWs and that (2) the frequency, duration and intensity of these events are largely associated with mesoscale activity. In these eddy corridors, surface-detected MHW case studies demonstrate a strong, deep-reaching subsurface temperature anomaly signal with a maximum intensity below the surface. The majority of these MHWs are associated with anticyclonic eddies, which provide a possible mechanism for the deep extent of the surface MHWs. Improving our understanding of the interaction between mesoscale features and subsurface MHW characteristics will benefit the prediction of MHWs and management of the regions’ biodiversity.","Welch, Clea B.; Malan, Neil; Mawren, Daneeja; Morris, Tamaryn; Sprintall, Janet; Hermes, Juliet C.","3,4,10,12"
On the interconnection of marine heatwaves and the extremely severe cyclonic storms Mocha and Biparjoy in the Northern Indian Ocean,Natural Hazards,2025-08-01,121,15,18205-18225,10.1007/s11069-025-07513-8,ar,Article,1,2-s2.0-105011068433,,0,"This study examines the two successive Marine Heatwave (MHW) events and their influence on the formation of two Extremely Severe Cyclonic Storms (ESCSs) in the Northern Indian Ocean (NIO). Strong MHWs were observed in the central and northern Bay of Bengal (BoB) before the genesis of the ESCS Mocha (09–15th May 2023). It was observed that the ESCS Mocha intensified rapidly upon encountering strong MHWs (mean intensity of ≈1.25 ∘C) along its trajectory. During the intensification phase of Mocha in the BoB, an anti-cyclonic circulation formed over the Arabian Sea (AS). This anti-cyclonic circulation strengthened in the presence of Mocha and persisted for some time even after Mocha made landfall, following which it gradually dissipated. Our study suggests that this anti-cyclonic circulation caused atmospheric subsidence, as evident from reduced cloud cover and high outgoing longwave radiation. Due to the reduced cloud cover, increased net shortwave radiation at the ocean surface was noted, which resulted in positive net heat flux, leading to the warming of the AS. This sustained warming was further reinforced by the presence of low-salinity plumes, which inhibited vertical mixing, as evident from shallower mixed layer depths. The combined effect of these processes led to the formation and gradual intensification of surface and subsurface MHWs, causing the Tropical Cyclone Heat Potential (TCHP) to increase over the same region. These strong MHWs and increased TCHP created a conducive environment for the cyclogenesis of the ESCS Biparjoy (06–19th June 2023) in the AS, which came shortly after Mocha. These findings underscore the need to assess the broader socio-economic and ecological impacts of interconnected natural hazards, especially in vulnerable coastal regions.","Gupta, Hitesh; Deogharia, Rahul; Sil, Sourav; Singh, Vivek; Ray, Arkaprava","4,5,6,9"
Subsurface Heatwaves and Cold Spells in the South China Sea Regulated by ENSO: Role of the South China Sea Throughflow,Geophysical Research Letters,2025-06-28,52,12,,10.1029/2025GL114692,ar,Article,1,2-s2.0-105008437449,,1,"Reanalysis data reveals that the South China Sea (SCS) experiences intensified subsurface marine heatwaves (MHWs) and marine cold spells (MCSs) near the thermocline. On the interannual scale, surface and subsurface events demonstrate an opposite correlation with ENSO, primarily due to distinct drivers at different depths. During the developing phase of El Niño, the Luzon Strait transport, indicative of the SCS throughflow (SCSTF), increases and necessitates stronger upwelling for mass balance. This upwelling, acting on large subsurface vertical temperature gradients, induces significant subsurface cooling and the occurrence of MCSs. As El Niño matures, excessive atmospheric heat flux warms the surface layer, triggering surface MHWs. This heat is then transported downward mainly by vertical turbulent mixing, diminishing subsurface cooling, and terminating subsurface MCSs. The scenario reverses during La Niña events. The SCSTF serves as a vital oceanic pathway, transmitting ENSO signals into the SCS and profoundly modulating subsurface MHWs and MCSs.","Zhang, Ningning; Lan, Jian; Dong, Changming","3,4,10"
Seasonal variations in marine heatwaves and their underlying mechanisms in the East China Sea,Acta Oceanologica Sinica,2025-06-01,44,6,33-41,10.1007/s13131-020-1589-x,ar,Article,0,2-s2.0-105015073887,,1,"Marine heatwaves (MHWs) in the East China Sea (ECS), especially those occurring on the ocean bottom (referred to as bottom marine heatwaves, BMHWs), can significantly affect regional ecosystems. However, our understanding of the seasonal variations in the MHWs in the ECS remains limited. This study investigates the characteristics of MHWs in the ECS in summer and winter using high-resolution oceanic reanalysis. Our analyses reveal distinct spatial patterns of BMHWs in these seasons. During summer, the Taiwan Warm Current plays a crucial role in transporting warm water northward, potentially leading to intense BMHWs on the central ECS shelf. These BMHW events usually occur independently of surface warming due to strong stratification in summer. Conversely, winter BMHWs are more prevalent in coastal regions under the influence of coastal currents and typically feature consistent warming from surface to bottom with a deepened mixed layer. These findings inform the coherent vertical structure and driving mechanisms of MHWs in the ECS, which are essential for predicting and managing these extreme events in the future.","Gao, Jiaxiang; Zhang, Rong Hua; Zhi, Hai","3,4,10"
Subsurface marine heat waves and coral bleaching in the southern red sea linked to remote forcing,Weather and Climate Extremes,2025-06-01,48,,,10.1016/j.wace.2025.100771,ar,Article,2,2-s2.0-105004758428,,1,"Research on marine heat waves (MHWs) in the Red Sea has focused on the surface signatures of these extreme warm events, such as the sea surface temperature (SST). This focus may potentially neglect the detrimental effects of subsurface MHWs. The unprecedented coral bleaching event observed in the southern Red Sea in 2015, despite less intense SSTs than in the MHW in 2002, highlights this oversight. A high-resolution regional reanalysis of the Red Sea reveals that 2015 and 2002 were characterized by subsurface heat content anomalies of opposite signs at depths up to 100 m, with positive anomalies in 2015 and negative anomalies in 2002. A heat budget analysis suggests that the primary heat source is advection from the southern boundary connecting with the Gulf of Aden (GoA). The advection of negative temperature anomalies from the GoA contributed to decreased subsurface heat in 2002, and the advection of positive temperature anomalies from the GoA contributed to increased subsurface heat in 2015. The total increase in the subsurface heat observed in 2015 is linked to the reduction in Red Sea surface water (RSSW) and GoA intermediate water (GAIW). The higher sea surface height (SSH) and deeper 25σ isopycnal in GoA during 2015 resulted in horizontal pressure differences between the southern Red Sea and GoA, corresponding to the reduced flow of RSSW and GAIW that year. The primary factor contributing to the elevated SSH and deeper 25σ isopycnal is the presence of an anticyclonic eddy (Somali current ring) along the western shores of the GoA. The probable cause for the stronger anticyclonic eddy in 2015 compared to 2002 is the decreased intensity of the westward-propagating upwelling Rossby waves that originated from as far away as the Arabian Sea and the western coasts of India.","Nadimpalli, Jithendra Raju; Sanikommu, Sivareddy; Subramanian, Aneesh C.; Giglio, Donata; Hoteit, Ibrahim","3,4,8"
Observed Subsurface Marine Heatwaves Driven by Subsurface Eddies in the Western Tropical Pacific Ocean,Geophysical Research Letters,2025-05-28,52,10,,10.1029/2025GL115039,ar,Article,2,2-s2.0-105005953725,,1,"Marine heatwaves (MHWs) are extreme warm water events with high impact, but the drivers of subsurface MHWs, particularly the role of subsurface eddies in the occurrence of subsurface MHWs, are unclear yet. Previous studies suggest that surface warm water convergence due to wind forcing is the major driver of subsurface MHWs in the western tropical Pacific Ocean. However, here we find that quite a few of subsurface MHWs in the western tropical Pacific Ocean show significant co-occurrence with subsurface anticyclonic eddies using in situ observations from buoys and Argo floats. These co-occurring events are characterized by a lens-shaped temperature structure with a subsurface warm core and encircled by an anomalous anticyclonic circulation pattern. Subsurface anticyclonic eddies, accompanied by subsurface oceanic convergence and downwelling, lead to strong downward heat transport and onset of subsurface MHWs. These findings indicate that the subsurface eddies are also an important driver of subsurface MHWs.","Li, Shihan; Hu, Shijian; Song, Xiangzhou","3,4"
Characteristics and mechanisms of summer subsurface marine heatwaves in the East/Japan Sea,Frontiers in Marine Science,2025-01-01,12,,,10.3389/fmars.2025.1680577,ar,Article,0,2-s2.0-105021649530,,1,"This study investigated the summer subsurface marine heatwaves (SSMHWs) in the East/Japan Sea (EJS) using the Japan Coastal Ocean Predictability Experiment 2 ocean reanalysis datasets during 1993–2023. Climatologically, the cumulative (maximum) intensity area-averaged over the EJS ranges from 20°C days (2.5°C) at surface to its maximum of 36°C days (4°C) at approximately 70 m, confirming significant subsurface intensification of summer MHWs. Compared with the almost uniform spatial patterns at surface, the intensities of MHWs at subsurface layers show substantial spatial variations. The SSMHWs in the EJS are caused not by surface atmospheric forcings, but primarily by internal oceanic processes. During summer, the strong stratification in the EJS inhibits the vertical mixing and traps more heat fluxes at surface. As the main heat sources of the upper ocean, the Tsushima Warm Current (TWC) plays a crucial role in triggering SSMHWs in the EJS. Anomalous increased volume transport of TWC carries more warm water into the EJS, favoring the basin-scale intense SSMHWs. This warm water is redistributed by the East Korean Warm Current and mesoscale eddies, leading to regional features of SSMHWs in the EJS. Our results highlighted the roles of oceanic circulation in forming intense SSMHWs in the EJS.","Li, Zhiyuan; Cui, Yan; Wu, Gangfeng; Liu, Dakang; Ren, Gang; Xu, Chang; Long, Yu; Zhu, Xiao Hua","3,4,10"
A geospatial skeleton framework for unveiling the 3D structure and dynamics of marine heatwaves from earth observation data,Geo Spatial Information Science,2025-01-01,,,,10.1080/10095020.2025.2547069,ar,Article,0,2-s2.0-105014870013,,1,"Understanding the multi-dimensional structure and evolution of geospatial phenomena is a fundamental challenge in Earth system science. Marine heatwaves (MHWs), as critical 4D spatio-temporal events in the ocean, exhibit complex vertical heterogeneity and dynamic interactions across latitude, longitude, depth, and time. However, traditional geospatial methods often oversimplify such phenomena into 2D profiles or homogeneous 3D blobs, limiting their ability to capture intrinsic 3D structure and evolutionary patterns. To fill this gap, we propose a novel data-driven framework for constructing 3D skeleton representations of MHWs, enabling fine-grained analysis of their internal structure and spatio-temporal evolution. This framework represents MHW skeletons as graph structure, where nodes denote localized intensity centers and edges quantify morphological correlations of spatial aggregation between subsurface layers. The MHW skeletons are constructed using graph algorithms applied to each snapshot and tracked over time through five evolutionary operators. Applied to the 2014–2016 Northeast Pacific (NEP) and Tropical Pacific in the epipelagic zone (0–200 m), the proposed method reveals distinct vertical structures: ENSO-driven MHW skeletons exhibited greater vertical complexity than coastal MHWs, featuring steep longitudinal slopes (up to 120°). Additionally, two foundational MHW skeleton structures, I-shape and Y-shape, were identified. Notably, dynamic merging and splitting process between subsurface MHWs were captured, highlighting the framework’s capability to uncover hidden interactions in ocean systems. Beyond MHWs, this methodology provides a transferable paradigm for analyzing other 3D geospatial phenomena, enhancing our understanding of their structural complexity and dynamic evolution.","Yu, Jianing; Zhang, Hengcai; Wang, Peixiao; Lu, Feng; Ning, Jicai","3,13"
Intensification of future subsurface marine heatwaves in an eddy-resolving model,Nature Communications,2024-12-01,15,1,,10.1038/s41467-024-54946-z,ar,Article,8,2-s2.0-85213708166,39737949,1,"A shift in depth range enables marine organisms to adapt to marine heatwaves (MHWs). Subsurface MHWs could limit this pathway, yet their response to climate warming remains unclear. Here, using an eddy-resolving Earth system model forced under a high emission scenario, we project a robust global increase in subsurface MHWs driven by rising subsurface mean temperatures and enhanced temperature variability. Historically, maximum MHW intensity occurs around 100 m depth, which shifts to the faster-warming surface under greenhouse warming. However, removing the long-term warming trend yields an increase in subsurface MHW intensity and annual days greater than that at the surface, especially in large marine ecosystem regions, primarily due to increased variability. Additionally, days of the surface and subsurface concurrent event increase ten times more than those of individual events. Our study highlights a heightened threat to marine organisms under global warming, as the increased subsurface heatwaves reduce their refuge options.","Guo, Xiuwen; Gao, Yang; Zhang, Shaoqing; Cai, Wenju; Chen, Deliang; Leung, L. Ruby; Zscheischler, Jakob; Thompson, Luanne; Davis, Kristen; Qu, Binglin; Gao, Huiwang; Wu, Lixin","3,4,5,11"
Modelling marine heatwaves impact on shallow and upper mesophotic tropical coral reefs,Environmental Research Letters,2024-12-01,19,12,,10.1088/1748-9326/ad89df,ar,Article,0,2-s2.0-85209135405,,1,"Coral reefs ecosystems, often compared to rain forests for their high biodiversity, are threatened by ocean warming causing coral bleaching when the symbiotic relationship between dinoflagellates and corals breaks under high ocean temperatures. Thermal stress from marine heatwaves (MHWs) occur both at the surface and subsurface with subsurface MHWs lasting longer with potentially higher cumulative intensities. However, global coral bleaching models generally ignore the differences in thermal stress between surface and sea-bed levels. Here, we define MHWs at sea-bed level to model coral bleaching with daily resolution from 6 May 1993 to 31 October 2023, for 9944 tropical coral reefs between 0 and 60 m depths. We show that deeper reefs experience on average higher thermal stress and bleaching compared to surface reefs. Using surface temperature data to model bleaching for deeper corals underestimates bleaching intensities by an average of 6% ± 9% compared to the subsurface calibrated model. Our study is a starting point for more accurate coral bleaching modelling, providing additional evidence to reshape our perception of deeper coral reefs as potential refugees from climate change.","Colombi, Nicolas; Kropf, Chahan M.; Burger, Friedrich A.; Bresch, David N.; Frölicher, Thomas L.","3,8,11"
Detecting marine heatwaves below the sea surface globally using dynamics-guided statistical learning,Communications Earth and Environment,2024-12-01,5,1,,10.1038/s43247-024-01769-x,ar,Article,1,2-s2.0-85207628512,,1,"Extreme warm water events, known as marine heatwaves, cause a variety of adverse impacts on the marine ecosystem. They are occurring more and more frequently across the global ocean. Yet monitoring marine heatwaves below the sea surface is still challenging due to the sparsity of in situ temperature observations. Here, we propose a statistical learning method guided by ocean dynamics and optimal prediction theory, to detect subsurface marine heatwaves based on the observable sea surface temperature and sea surface height. This dynamics-guided statistical learning method shows good skills in detecting subsurface marine heatwaves in the oceanic epipelagic zone over many parts of the global ocean. It outperforms both the classical ordinary least square regression and popular deep learning methods that do not effectively exploit ocean dynamics, with clear dynamical interpretation for its outperformance. Our study provides a useful statistical learning method for near real-time monitoring of subsurface marine heatwaves at a global scale and highlights the importance of exploiting ocean dynamics for enhancing the efficiency and interpretability of statistical learning.","Zhang, Xiang; Li, Furong; Jing, Zhao; Zhang, Bohai; Ma, Xiaohui; Du, Tianshi","3,4,12"
Gulf Stream mesoscale variabilities drive bottom marine heatwaves in Northwest Atlantic continental margin methane seeps,Communications Earth and Environment,2024-12-01,5,1,,10.1038/s43247-024-01742-8,ar,Article,2,2-s2.0-85206246318,,1,"Methane hydrates on continental margins sequester substantial amounts of methane. Ocean warming often triggers hydrate dissociation, influencing global climate and marine ecosystems. Here we use ocean reanalysis to investigate bottom marine heatwaves affecting methane seeps at the Northwest Atlantic continental margin. These heatwaves are driven by downward displacement of ocean subsurface isopycnals that brings anomalously warm water to the seafloor, which frequently lacked surface expressions. The isopycnal anomalies are generated by the interaction of Gulf Stream mesoscale activity and slope topography, including warm core ring intrusions and impingements at the tail of the Grand Banks. Once generated, the isopycnal anomalies propagate along the slope and affect the seep area via topographic Rossby waves, offering predictability for bottom marine heatwaves. A northward shift and increasing instability of the Gulf Stream has intensified bottom marine heatwaves at the seep area since 2009, and future climate change will likely exacerbate this trend.","Wu, Tianning; He, Ruoying","3,4,5,10"
Intrinsic short Marine Heatwaves from the perspective of sea surface temperature and height,Weather and Climate Extremes,2024-12-01,46,,,10.1016/j.wace.2024.100725,ar,Article,3,2-s2.0-85204609723,,1,"Marine heatwaves (MHWs) have recently been recognized as extreme climate events considering their devastating impacts on marine ecosystems. Our study explored the spatial and temporal variability of short (duration <10 days) and long MHWs in nine sub-regions around the Australian coastal region using the original (5-day) and an updated longer duration (10-day) criteria for MHW identification based on gap-free Sea Surface Temperature (SST) analyses from 1981 to 2020. By quantitatively investigating the contribution of ocean warming to short MHWs, we could consider most of the short events as background signals of a dynamic ocean surface over the Australian region. The application of the updated definition highlights areas that are more sensitive to local internal forcings, especially over the main flow of the East Australian Current. Furthermore, the Great Barrier Reef exhibit a larger increasing trend of MHW areas after excluding the short events. By numerically and graphically evaluating the relationship between the sea level anomaly (SLA) and SST metrics over two coastal regions of Australia, it is found that longer MHWs exhibiting two variation trends of large SLA metrics are ENSO dominant in the northwest coastal region (NW), and less ENSO-dominant but geographically-impacted in the southeast coastal region (SETS). However, it is possible that most short events in these two regions are a result of local and intrinsic variability or ocean warming of the water columns rather than the remote modulation of climate modes. Moreover, SLA over the 90th percentile, which successfully observed a subsurface MHW event over the NW region in 2008, has the potential to help identify subsurface MHWs, although limited by application area. Further investigation into the applicability of these, or other similar, updates to the MHW definitions may be warranted, to draw a broadly applicable conclusion to benefit detection and prediction of strong sub-surface MHWs impacting commercial and environmental activities.","Hu, Yuwei; Wang, Xiao Hua; Beggs, Helen; Wang, Chunzai","1,2,3,4,5,10,12"
Evolution and Drivers of Extreme Subsurface Marine Heatwaves in the Western Tropical Pacific Ocean during 2008 and 2010-11,Journal of Climate,2024-11-15,37,22,6047-6059,10.1175/JCLI-D-24-0079.1,ar,Article,6,2-s2.0-85208286445,,0,"Marine heatwaves (MHWs) have adverse impacts on marine ecosystems and fisheries, yet extreme MHWs in the western tropical Pacific Ocean remain largely unexplored. Here, we investigate the evolution and drivers of the two strongest subsurface MHWs in the western tropical Pacific Ocean on record, in 2008 (MHW-08) and 2010-11 (MHW-11). The two events have similar evolutions, as they were both initiated and developed locally in tropical regions during their onset phase and gradually dissipated with multiple cores during the decay phase. We examined the physical processes during the evolution of MHW-08 and MHW-11 and performed a heat budget analysis for the subsurface layer in each case. We find that the onset of both events were mainly controlled by convergence and vertical heat advection due to anomalous Ekman downwelling, while the decay of both events was mainly controlled by horizontal heat advection due to anomalous horizontal currents and withdrawal of anomalous convergence. The relationship between the subsurface MHWs and El Niño-Southern Oscillation is discussed.We suggest that the anomalous heat advections plus the La Niña-related background warming lead to the extreme subsurface MHW events. Our findings may have important implications for environmental change and marine life in the western tropical Pacific Ocean.","Li, Shihan; Hu, Shijian","3,4,10"
Common occurrences of subsurface heatwaves and cold spells in ocean eddies,Nature,2024-10-31,634,8036,1111-1117,10.1038/s41586-024-08051-2,ar,Article,35,2-s2.0-85206941101,39415017,1,"Extreme ocean temperature events are becoming increasingly common due to global warming, causing catastrophic ecological and socioeconomic impacts1–5. Despite extensive research on surface marine heatwaves (MHWs) and marine cold spells (MCSs) based on satellite observations6,7, our knowledge of these extreme events and their drivers in the subsurface ocean—home to the majority of marine organisms—is very limited8,9. Here we present global observational evidence for the important role of mesoscale eddies in the occurrence and intensification of subsurface MHWs and MCSs. We found that 80% of measured MHWs and MCSs below a depth of 100 m do not concur with surface events. In contrast to the weak link between surface MHWs (MCSs) and ocean eddies, nearly one-third of subsurface MHWs (MCSs) in the global ocean, and more than half of such events in subtropical gyres and mid-latitude main current systems, occur within anticyclonic (cyclonic) eddies. These eddy-associated temperature extremes have intensified at rates greater than background level in past decades, suggesting a growing impact of ocean eddies on subsurface MHWs and MCSs with ongoing global warming.","He, Qingyou; Zhan, Weikang; Feng, Ming; Gong, Yankun; Cai, Shuqun; Zhan, Haigang","3,4,5"
Subsurface Marine Heatwaves in the South China Sea,Journal of Geophysical Research Oceans,2024-10-01,129,10,,10.1029/2024JC021356,ar,Article,8,2-s2.0-85206820113,,0,"Marine heatwaves (MHWs), extreme warm ocean temperature events, greatly impact marine ecosystems. While most MHW studies in the South China Sea (SCS) focus on the sea surface, subsurface characteristics remain less explored. This study uses high-resolution (1/12°) ocean reanalysis data sets to assess MHW properties with depth in the SCS from 1993 to 2022. We find that MHW intensities are typically stronger at subsurface levels (30–150 m) than at the surface, with significant spatial variations. The vertical structures of MHW maximum and cumulative intensities peak between 70 and 100 m with 2.7°C and 63°C days, respectively; MHW annual days and duration increase gradually from 10 to 2,000 m with duration peaks at 2,000 m (∼60 days), four times longer than that at the surface. The SCS experienced two major periods of extensive El Niño-related subsurface MHWs from 1997 to 2002 and 2008 to 2014, with MHWs reaching depths of 150 m and covering 70% of the upper 40 m. Strong El Niño events strengthen the western Pacific subtropical high, reducing summer monsoon winds, weakening coastal upwelling east of Vietnam, and increasing water temperatures. Regions of elevated eddy kinetic energy in the SCS suggest that significant mesoscale eddy activities are situated east of Vietnam. In addition, notable eddy heat transport was observed in the above region and west of the Luzon Strait in the upper 1,000 m. This may help to explain the high maximum and cumulative intensities of MHWs exceeding 100 m in the northern SCS.","Yao, Yulong; Wang, Chunzai","3,4,10"
Subsurface Temperature Anomalies Off Central Oregon During 2014–2021,Journal of Geophysical Research Oceans,2024-10-01,129,10,,10.1029/2023JC020565,ar,Article,4,2-s2.0-85205947809,,1,"We use moored observations in 80 m water depth at the NH-10 site along the historic Newport Hydrographic Line from 1999 to 2021 to calculate water temperature anomalies at the surface, near surface, and bottom. Analysis is focused on the subsurface temporal and spatial characteristics of marine heatwaves (MHWs) during 2014–2016 and 2019–2020 on the continental shelf and slope. Warm anomalies extend throughout the water column in fall/winter 2014–2016 when winds are predominantly downwelling-favorable, while the 2019–2020 period is characterized by shallower summer and fall anomalies on the shelf. Sustained temperature anomalies during the bottom MHW in late 2016 are the largest in the NH-10 time series. Analysis of temporal patterns in wind stress during MHW and non-MHW periods shows the onset of upwelling-favorable winds interrupts warm events. Indices of cumulative upwelling and annual spring transition dates reveal the spring transition was unusually late in 2014, with only five years with later spring transitions since the upwelling index record began in 1967. In 2015 and 2019, in contrast, spring transition is close to the climatological mean of April 15. In 2016 and 2020, anomalous warming is observed when cumulative upwelling decreases after an early spring transition.","Cervantes, Brandy T.; Fewings, Melanie R.; Risien, Craig M.","3,4,10"
Assessment of surface and bottom marine heatwaves along the Spanish coast,Ocean Modelling,2024-08-01,190,,,10.1016/j.ocemod.2024.102399,ar,Article,5,2-s2.0-85196492010,,1,"Marine heatwaves (MHWs) are discrete yet persistent events of anomalously warm ocean temperatures which are becoming a hot topic in climate change research due to their extensive disruption of marine ecosystems worldwide. As a consequence, surface MHW events (SMHWs) and their drivers have been characterised worldwide typically under a consolidated common methodology. However, subsurface and bottom events of MHW (BMHWs) are less known due to the limited availability of data. Furthermore, recent advances suggest an improved MHW definition to distinguish the extreme event from the long-term ocean warming. Here, we use high-resolution GLORYS12V1 reanalysis data from 1993 to 2022 to characterise both SMHWs and BMHWs along the Spanish Marine Demarcation (SMD) areas defined within the Marine Strategy Framework Directive. We also broadly analyse their interconnections and ultimately generate a regional assessment of the integrated exposure of SMD to MHWs. We find that both SMHWs and BMHWs were more intense, longer-lasting, and widespread over the last 15 years. We also find that while SMHWs exhibit spatial variation following heat fluxes anomalies in the ocean surface layers, BMHWs roughly scale with ocean bottom depth and persist longer than their surface counterparts. Further, in shallower coastal regions where the mixed layer extends to the ocean bottom, average BMHW intensities can be comparable or even higher than those concurrently overlaying at the surface. Finally, we also demonstrate that both SMHWs and BMHWs are more likely to co-occur with high cumulative intensities in coastal SMD areas, with the 69% of their spatial extent categorised as highly exposed to MHWs. This highlights the imperative need for analysing and integrating SMHWs and BMHWs, especially in coastal zones, when assessing and addressing present and future impacts on wildlife and economies under the expected climate change scenario.","Fernández-Barba, Manuel; Huertas, I. Emma; Navarro, Gabriel","2,3,4,5,7,10"
Understanding bottom and surface marine heatwaves along the continental shelf of China,Environmental Research Letters,2024-07-01,19,7,,10.1088/1748-9326/ad5b08,ar,Article,7,2-s2.0-85198077705,,1,"Marine heatwaves (MHWs) have become longer and more frequent over the past century under anthropogenic climate change, with devastating impacts on marine ecosystems. Surface MHWs (SMHWs) and their drivers have been extensively studied using satellite sea surface temperature data, yet the mechanism and characteristics of subsurface MHWs, especially bottom MHWs (BMHWs) along continental shelves, remain unclear. Based on a high-resolution ocean reanalysis dataset, we compare SMHWs and BMHWs along the continental shelf of China and find that BMHWs are typically longer (0-16 d) and more intense (0 °C-50 °C days) than SMHWs. The categorizing of both the BMHW and SMHW shows that moderate and strong events commonly occur in most areas with relatively large spatial coverage, whereas severe and extreme events occur with relatively small spatial coverage. There is a clear negative relationship between the BMHW intensity and ocean depth along the continental shelf, while the BMHW annual days and ocean depth are positively correlated in the Bohai and East China Seas. Generally, BMHWs and SMHWs occur more frequently in shallow coastal regions where the mixed layer depth is more likely to extend to the seafloor, resulting in high BMHW and SMHW synchrony. In addition to spatial coherence, there is a good temporal correspondence between BMHWs and SMHWs across the continental shelf of China from 1993 to 2020.","Cao, Xinyi; Li, Chao; Hu, Yuwei; Yao, Yulong; Li, Juan","2,3,4,5,10"
"Bathymetric origin shapes the physiological responses of Pterygophora californica (Laminariales, Phaeophyceae) to deep marine heatwaves",Journal of Phycology,2024-04-01,60,2,483-502,10.1111/jpy.13433,ar,Article,2,2-s2.0-85182982522,38264946,0,"Kelp communities are experiencing exacerbated heat-related impacts from more intense, frequent, and deeper marine heatwaves (MHWs), imperiling the long-term survival of kelp forests in the climate change scenario. The occurrence of deep thermal anomalies is of critical importance, as elevated temperatures can impact kelp populations across their entire bathymetric range. This study evaluates the impact of MHWs on mature sporophytes of Pterygophora californica (walking kelp) from the bathymetric extremes (8–10 vs. 25–27 m) of a population situated in Baja California (Mexico). The location is near the southernmost point of the species's broad distribution (from Alaska to Mexico). The study investigated the ecophysiological responses (e.g., photobiology, nitrate uptake, oxidative stress) and growth of adult sporophytes through a two-phase experiment: warming simulating a MHW and a post-MHW phase without warming. Generally, the effects of warming differed depending on the bathymetric origin of the sporophytes. The MHW facilitated essential metabolic functions of deep-water sporophytes, including photosynthesis, and promoted their growth. In contrast, shallow-water sporophytes displayed metabolic stress, reduced growth, and oxidative damage. Upon the cessation of warming, certain responses, such as a decline in nitrate uptake and net productivity, became evident in shallow-water sporophytes, implying a delay in heat-stress response. This indicates that variation in temperatures can result in more prominent effects than warming alone. The greater heat tolerance of sporophytes in deeper waters shows convincing evidence that deep portions of P. californica populations have the potential to serve as refuges from the harmful impacts of MHWs on shallow reefs.","Almeida-Saá, Antonella C.; Umanzor, Schery; Zertuche-González, Jose Antonio; Cruz-López, Ricardo; Muñiz-Salazar, Raquel; Ferreira-Arrieta, Alejandra; Bonet Melià, Paula; García-Pantoja, Jessica Anayansi; Rangel-Mendoza, Laura K.; Vivanco-Bercovich, Manuel; Ruiz-Montoya, Leonardo; Guzmán-Calderón, Jose Manuel; Sandoval-Gil, Jose Miguel","3,7,11"
The spatiotemporal characteristics and driving mechanisms of subsurface marine heatwaves in the Xisha Region,Frontiers in Marine Science,2024-01-01,11,,,10.3389/fmars.2024.1399096,ar,Article,3,2-s2.0-85195285209,,1,"Under the background of global climate change, Subsurface Marine Heatwaves (SSMHWs) have become a ‘hot-spot’ research due to their significant impacts on marine ecosystems. Temperature data from the ECCO2 for the years 1992 to 2021 is used to research the spatiotemporal characteristics of SSMHWs in the upper 500 m over the Xisha region (110°E to 113°E, 15°N to 18°N). This study indicates that SSMHWs of high intensity occur in the Xisha area, with the vertical maximum intensity at approximately 100 m. These events exhibit significant seasonal variations, with the highest intensity occurring in May. The intensity of SSMHW in the analysis region varies interannually. SSMHWs have intensified at a rate of 1.53°C·Days/Year and tend to shift to deeper water over the past three decades. A block-based method for SSMHW identification is proposed, in order to take the vertical extent of the event in consideration. By analyzing the eight most intense events based on spatial cumulative intensity, it suggested that warm mesoscale eddies may play an important role on the spatial distribution of the SSMHWs. Statistical analysis shows that the intensity and coverage of the warm mesoscale eddy in the Xisha zone may influence the intensity and evolution of the SSMHWs. Additionally, only 18.27% of SSMHW events occur with apparent surface marine heatwave signals. These findings are vital for uncovering SSMHW dynamics in the Xisha area, and are important for future monitoring, early warnings and marine conservation.","Gao, Feng; Liu, Cong; Zhai, Fangguo; Song, Jinbao; Li, Peiliang; Gu, Yanzhen","3,4,10"
On the Vertical Structure and Propagation of Marine Heatwaves in the Eastern Pacific,Journal of Geophysical Research Oceans,2024-01-01,129,1,,10.1029/2023JC020063,ar,Article,18,2-s2.0-85182238402,,1,"Marine heatwaves (MHWs) have been recognized as a serious threat to marine life, yet, most studies so far have focused on the surface only. Here, we investigate the vertical dimension and propagation of surface MHWs in the Eastern Pacific (EP) using results from a high-resolution hindcast simulation (1979–2019), performed with the Regional Ocean Modeling System. We detect MHWs using a seasonally varying percentile threshold on a fixed baseline and track their vertical propagation across the upper 500 m. We find that nearly a third (∼29%) of the MHWs extend beyond the surface mixed layer depth (MLD). On average, these deep-reaching MHWs (dMHWs) extend to 110 m below the MLD and last five times longer than MHWs that are confined to the mixed layer (184 vs. 36 days). The dMHWs can cause stronger temperature anomalies at depth than at the surface (maximum intensity of 5.0 vs. 1.9°C). This general subsurface MHW intensification even holds when scaling the temperatures with the respective local variability. A clustering of dMHWs reveals that 41% of them are block-like, that is, continually remain in contact with the sea surface, 24% propagate downward, 20% propagate upward, while 15% appear at the surface multiple times. Although the water column MHW duration, intensity and severity are only moderately correlated with their corresponding surface-based MHW characteristics, dMHWs have the potential to be detected from the surface. Our study can help to augment the remote sensing-based monitoring of upper ocean exposure to MHWs.","Köhn, Eike E.; Vogt, Meike; Münnich, Matthias; Gruber, Nicolas","3,13"
Observed surface and subsurface Marine Heat Waves in the Bay of Bengal from in-situ and high-resolution satellite data,Climate Dynamics,2024-01-01,62,1,203-221,10.1007/s00382-023-06913-5,ar,Article,22,2-s2.0-85167355084,,0,"Marine Heat Waves (MHWs) can cause significant distress to marine environment and modulate air-sea interaction, which in turn can have economic and societal impacts. This study aims to identify surface and subsurface MHWs in the Bay of Bengal using available sea-surface temperature data and buoy observations spanning four decades. The results show significant increase in the number, frequency, duration, and intensity of surface MHWs in recent years. To better understand the relationship between MHW occurrences and different phases of two climate phenomena, namely, the Indian Ocean Dipole (IOD) and the El Niño-Southern Oscillation, multiple extreme MHW event years between 2008 and 2018 are analyzed. The findings show that the surface MHWs become more prominent during El Niño/positive IOD events due to weakened winds, increased net heat flux input towards the ocean, increased stratification and warming tendency through vertical processes in the presence of inversion. This, in turn, affects the surface biological productivity in the region. Additionally, surface MHWs were also found to be driven by surface currents and eddies. On the other hand, subsurface MHWs develop during negative IOD/La Niña conditions due to the deepening of the thermocline, which is forced by coastally trapped downwelling Kelvin waves and reflected downwelling Rossby waves, and is followed by substantial freshening of deeper layers. This study provides a deeper understanding of the causes of surface and subsurface MHWs in the Bay of Bengal, which is a crucial basin in influencing monsoon and cyclonic events affecting its surrounding landmasses.","Gupta, Hitesh; Sil, Sourav; Gangopadhyay, Avijit; Gawarkiewicz, Glen","2,3,4,5,10"
Frequent marine heatwaves hidden below the surface of the global ocean,Nature Geoscience,2023-12-01,16,12,1099-1104,10.1038/s41561-023-01325-w,ar,Article,56,2-s2.0-85177188678,,1,"Marine heatwaves are extreme warm water events that can cause devastating impacts on ecosystems and have complex socio-economic ramifications. Surface signals and drivers of marine heatwaves have been extensively investigated based on satellite observations, whereas their vertical structure in the global ocean remains unclear. In this study, we identify marine heatwave events in the epipelagic zone (0–200 m) using a four-dimensional spatio-temporal framework based on three ocean reanalysis datasets. We find that only about half of the marine heatwave events have continuous surface signals during their life cycles and around one-third always reside in the subsurface ocean without any imprint on sea surface temperature. The annual number of these subsurface marine heatwave events shows a significant increase in response to subsurface mean-state warming during the past three decades. Our findings reveal the limitation of identifying marine heatwaves solely based on the sea surface temperature and underscore the necessity of subsurface observations for monitoring marine heatwaves.","Sun, Di; Li, Furong; Jing, Zhao; Hu, Shijian; Zhang, Bohai","3,4,5"
Vertical structures of marine heatwaves,Nature Communications,2023-12-01,14,1,,10.1038/s41467-023-42219-0,ar,Article,75,2-s2.0-85174749524,37838721,1,"A marine heatwave (MHW) is typically defined as an anomalous warm event in the surface ocean, with wide-ranging impacts on marine and socio-economic systems. The surface warming associated with MHWs can penetrate into the deep ocean; however, the vertical structure of MHWs is poorly known in the global ocean. Here, we identify four main types of MHWs with different vertical structures using Argo profiles: shallow, subsurface-reversed, subsurface-intensified, and deep MHWs. These MHW types are characterized by different spatial distributions with hotspots of subsurface-reversed and subsurface-intensified MHWs at low latitudes and shallow and deep MHWs at middle-high latitudes. These vertical structures are influenced by ocean dynamical processes, including oceanic planetary waves, boundary currents, eddies, and mixing. The area and depth of all types of MHWs exhibit significant increasing trends over the past two decades. These results contribute to a better understanding of the physical drivers and ecological impacts of MHWs in a warming climate.","Zhang, Ying; Du, Yan; Feng, Ming; Hobday, Alistair J.","3,4,5"
Seasonal forecasting of subsurface marine heatwaves,Communications Earth and Environment,2023-12-01,4,1,,10.1038/s43247-023-00892-5,ar,Article,22,2-s2.0-85163360546,,1,"Marine heatwaves damage marine ecosystems and services, with effects identified mostly below the ocean surface. To create a truly user-relevant detection system, it is necessary to provide subsurface forecasts. Here, we demonstrate the feasibility of seasonal forecasting of subsurface marine heatwaves by using upper ocean heat content. We validate surface and subsurface events forecast by an operational dynamical seasonal forecasting system against satellite observations and an ocean reanalysis, respectively. We show that indicators of summer events (number of days, strongest intensity, and number of events) are predicted with greater skill than surface equivalents across much of the global ocean. We identify regions which do not display significant surface skill but could still benefit from accurate subsurface early warning tools (e.g., the mid-latitudes). The dynamical system used here outperforms a persistence model and is not widely influenced by warming trends, demonstrating the ability of the system to capture relevant subseasonal variability.","McAdam, Ronan; Masina, Simona; Gualdi, Silvio","3,12,13"
Bottom marine heatwaves along the continental shelves of North America,Nature Communications,2023-12-01,14,1,,10.1038/s41467-023-36567-0,ar,Article,76,2-s2.0-85150098256,36914643,1,"Recently, there has been substantial effort to understand the fundamental characteristics of warm ocean temperature extremes—known as marine heatwaves (MHWs). However, MHW research has primarily focused on the surface signature of these events. While surface MHWs (SMHW) can have dramatic impacts on marine ecosystems, extreme warming along the seafloor can also have significant biological outcomes. In this study, we use a high-resolution (~8 km) ocean reanalysis to broadly assess bottom marine heatwaves (BMHW) along the continental shelves of North America. We find that BMHW intensity and duration varies strongly with bottom depth, with typical intensities ranging from ~0.5 °C–3 °C. Further, BMHWs can be more intense and persist longer than SMHWs. While BMHWs and SMHWs often co-occur, BMHWs can also exist without a SMHW. Deeper regions in which the mixed layer does not typically reach the seafloor exhibit less synchronicity between BMHWs and SMHWs.","Amaya, Dillon J.; Jacox, Michael G.; Alexander, Michael A.; Scott, James D.; Deser, Clara; Capotondi, Antonietta; Phillips, Adam S.","3,7"
Hidden heatwaves and severe coral bleaching linked to mesoscale eddies and thermocline dynamics,Nature Communications,2023-12-01,14,1,,10.1038/s41467-022-35550-5,ar,Article,73,2-s2.0-85145778428,36609386,1,"The severity of marine heatwaves (MHWs) that are increasingly impacting ocean ecosystems, including vulnerable coral reefs, has primarily been assessed using remotely sensed sea-surface temperatures (SSTs), without information relevant to heating across ecosystem depths. Here, using a rare combination of SST, high-resolution in-situ temperatures, and sea level anomalies observed over 15 years near Moorea, French Polynesia, we document subsurface MHWs that have been paradoxical in comparison to SST metrics and associated with unexpected coral bleaching across depths. Variations in the depth range and severity of MHWs was driven by mesoscale (10s to 100s of km) eddies that altered sea levels and thermocline depths and decreased (2007, 2017 and 2019) or increased (2012, 2015, 2016) internal-wave cooling. Pronounced eddy-induced reductions in internal waves during early 2019 contributed to a prolonged subsurface MHW and unexpectedly severe coral bleaching, with subsequent mortality offsetting almost a decade of coral recovery. Variability in mesoscale eddy fields, and thus thermocline depths, is expected to increase with climate change, which, along with strengthening and deepening stratification, could increase the occurrence of subsurface MHWs over ecosystems historically insulated from surface ocean heating by the cooling effects of internal waves.","Wyatt, Alex S.J.; Leichter, James J.; Washburn, Libe; Kui, Li; Edmunds, Peter J.; Burgess, Scott C.","3,4,7,8,11"
Intense and prolonged subsurface marine heatwaves pose risk to biodiversity,Nature Climate Change,2023-10-01,13,10,1029-1030,10.1038/s41558-023-01796-0,ar,Article,1,2-s2.0-85173946879,,0,,,"3,7,14"
Marine biodiversity exposed to prolonged and intense subsurface heatwaves,Nature Climate Change,2023-10-01,13,10,1114-1121,10.1038/s41558-023-01790-6,ar,Article,56,2-s2.0-85171474964,,2,"Marine heatwaves (MHWs) are becoming increasingly common, with devastating ecosystem impacts. However, MHW understanding has almost exclusively relied on sea surface temperature with limited knowledge about their subsurface characteristics. Here we estimate global MHWs from the surface to 2,000 m depth, covering the period 1993–2019, and explore biodiversity exposure to their effects. We find that MHWs are typically more intense in the subsurface at 50–200 m and their duration increases up to twofold with depth, although with large spatial variability linked to different oceanographic conditions. Cumulative intensity (a thermal stress proxy) was highest in the upper 250 m, exposing subsurface biodiversity to MHW effects. This can be particularly concerning for up to 22% of the ocean, where high cumulative intensity overlapped the warm range edge of species distributions, thus being more sensitive to thermal stress. Subsurface MHWs can hence drive biodiversity patterns, with consequent effects on ecological interactions and ecosystem processes.","Fragkopoulou, Eliza; Sen Gupta, Alex; Costello, Mark John; Wernberg, Thomas; Araújo, Miguel B.; Serrão, Ester A.; De Clerck, Olivier; Assis, Jorge","3,7,14"
Marine heat waves in the Mediterranean Sea: An assessment from the surface to the subsurface to meet national needs,Frontiers in Marine Science,2023-01-30,10,,,10.3389/fmars.2023.1045138,ar,Article,54,2-s2.0-85147982099,,1,"In the Mediterranean Sea, marine ecosystems and the resource-based economy are shared among many countries, making this a regional sea of important geopolitical and economic stakes. Over the last decades, marine heat waves (MHWs) in the Mediterranean Sea have caused mass-mortality events in various marine species and critical losses for seafood industries. MHWs are expected to become more intense, longer and more frequent through anthropogenic warming. This study proposes to better understand how much each Mediterranean country’s Exclusive Economic Zone (EEZ) waters may be affected by MHW changes, to contribute to decision support for management and adaptation at national scale. The variability of surface and subsurface MHWs is assessed over the 1987-2019 period in the Mediterranean EEZs, which are ocean areas where sovereign states have special rights. Combining high-resolution satellite observations and a regional reanalysis, sea surface temperature and ocean heat content are used to define surface and subsurface MHWs. The MHW characteristics selected in this study highlight the important differences between surface and subsurface extreme events. MHW frequency is higher at the surface than in the subsurface and has significantly increased in most EEZs both at the surface and in the subsurface, while MHW duration is longer in the subsurface than at the surface in all EEZs. MHW intensities decrease with depth, while its increase over time is more disparate throughout the basin. MHW maximum intensity displays significant positive trends with higher surface values in the western Mediterranean Sea, while in the subsurface it reaches its extreme values in the EEZs of the Levantine basin. In contrast, MHW cumulative intensity exhibits its extreme trend values in the eastern Mediterranean Sea both at the surface and in the subsurface. The choice of a “Top-Ten” list of EEZs shows that the impact to EEZs is different depending on the MHW characteristics and the depth, emphasizing the need to consider all MHW characteristics and to avoid focusing only on the surface. Overall, the results highlight the necessity of strengthening surface and subsurface observing systems in most national waters to better establish local-scale risk assessments and to respond to diverse stakeholder needs.","Dayan, Hugo; McAdam, Ronan; Juza, Mélanie; Masina, Simona; Speich, Sabrina","2,3,5,7,10"
Editorial: Advances in marine heatwave interactions,Frontiers in Climate,2023-01-01,5,,,10.3389/fclim.2023.1177781,ed,Editorial,2,2-s2.0-85153407766,,1,,"Sen Gupta, Alex; Ryan, Svenja; Hernaman, Vanessa",
Marine Heatwaves and Their Depth Structures on the Northeast U.S. Continental Shelf,Frontiers in Climate,2022-06-15,4,,,10.3389/fclim.2022.857937,ar,Article,27,2-s2.0-85133552031,,1,"Marine Heatwaves (MHWs) are ocean extreme events, characterized by anomalously high temperatures, which can have significant ecological impacts. The Northeast U.S. continental shelf is of great economical importance as it is home to a highly productive ecosystem. Local warming rates exceed the global average and the region experienced multiple MHWs in the last decade with severe consequences for regional fisheries. Due to the lack of subsurface observations, the depth-extent of MHWs is not well-known, which hampers the assessment of impacts on pelagic and benthic ecosystems. This study utilizes a global ocean circulation model with a high-resolution (1/20°) nest in the Atlantic to investigate the depth structure of MHWs and associated drivers on the Northeast U.S. continental shelf. It is shown that MHWs exhibit varying spatial extents, with some only occurring at depth. The highest intensities are found around 100 m depth with temperatures exceeding the climatological mean by up to 7°C, while surface intensities are typically smaller (around 3°C). Distinct vertical structures are associated with different spatial MHW patterns and drivers. Investigation of the co-variability of temperature and salinity reveals that over 80% of MHWs at depth (>50 m) coincide with extreme salinity anomalies. Two case studies provide insight into opposing MHW patterns at the surface and at depth, being forced by anomalous air-sea heat fluxes and Gulf Stream warm core ring interaction, respectively. The results highlight the importance of local ocean dynamics and the need to realistically represent them in climate models.","Großelindemann, Hendrik; Ryan, Svenja; Ummenhofer, Caroline C.; Martin, Torge; Biastoch, Arne","3,4,10"
Observed strong subsurface marine heatwaves in the tropical western Pacific Ocean,Environmental Research Letters,2021-10-01,16,10,,10.1088/1748-9326/ac26f2,ar,Article,89,2-s2.0-85116474928,,1,"Marine heatwaves (MHWs), which are discrete extreme oceanic warming events, have important impacts on the marine ecosystem, fishery resources, and social economy. Previous studies based on sea surface temperature suggest that MHWs in the tropical western Pacific Ocean are very weak. However, here we show that the MHWs observed by the Tropical Atmosphere Ocean/Triangle Trans-Ocean Buoy Network buoys in the tropical western Pacific Ocean are unexpectedly strong in the subsurface layer (50-300 m depth). The ensemble mean intensity of subsurface MHWs shows a peak of about 5.2 °C at 150 m, and the maximal mean intensity reaches 8.9 °C at 5° N, 137° E. Subsurface MHWs occur almost every year with an ensemble mean duration ranging from 13 to 22 days, and show no statistically significant correlation with the El Nino-Southern Oscillation index although the subsurface MHWs during La Nina events are slightly stronger and more frequent than during El Nino events. It seems that the subsurface MHWs are strong and frequent in April-June but relatively weaker and less frequent in September and October than in other months. Anomalous sea surface convergence and Ekman down-welling play an important role in the development of subsurface MHWs. Strong subsurface MHWs are likely to affect the fishery production of tropical western Pacific.","Hu, Shijian; Li, Shihan; Zhang, Ying; Guan, Cong; Du, Yan; Feng, Ming; Ando, Kentaro; Wang, Fan; Schiller, Andreas; Hu, Dunxin","3,4,7,9"
Keeping pace with marine heatwaves,Nature Reviews Earth and Environment,2020-09-01,1,9,482-493,10.1038/s43017-020-0068-4,re,Review,358,2-s2.0-85094878516,,1,"Marine heatwaves (MHWs) are prolonged extreme oceanic warm water events. They can have devastating impacts on marine ecosystems — for example, causing mass coral bleaching and substantial declines in kelp forests and seagrass meadows — with implications for the provision of ecological goods and services. Effective adaptation and mitigation efforts by marine managers can benefit from improved MHW predictions, which at present are inadequate. In this Perspective, we explore MHW predictability on short-term, interannual to decadal, and centennial timescales, focusing on the physical processes that offer prediction. While there may be potential predictability of MHWs days to years in advance, accuracy will vary dramatically depending on the regions and drivers. Skilful MHW prediction has the potential to provide critical information and guidance for marine conservation, fisheries and aquaculture management. However, to develop effective prediction systems, better understanding is needed of the physical drivers, subsurface MHWs, and predictability limits.","Holbrook, Neil J.; Sen Gupta, Alex; Oliver, Eric C.J.; Hobday, Alistair J.; Benthuysen, Jessica A.; Scannell, Hillary A.; Smale, Dan A.; Wernberg, Thomas","3,4,9,12"
Past Variability of Mediterranean Sea Marine Heatwaves,Geophysical Research Letters,2019-08-28,46,16,9813-9823,10.1029/2019GL082933,ar,Article,117,2-s2.0-85071413644,,1,"Marine heatwaves (MHWs) are episodes of anomalous warming in the ocean, responsible for widespread impacts on marine ecosystems. For the first time summer MHW variability at surface and three ecosystem-relevant depths of the upper Mediterranean Sea are assessed here for 1982–2017. We apply a MHW detection algorithm on a hindcast simulation, performed with a high-resolution, fully coupled regional climate system model. Identified surface events last, on average, 15 days with a mean intensity of 0.6 °C above threshold and a maximum sea surface coverage of around 39%. Subsurface events are seasonally shifted and appear, on average, longer and more intense but less frequent and less extended in space than surface MHWs. We also find significant trends of increase in most MHW properties throughout the period, with severe surface MHWs detected for the first time in 2012, 2015, and 2017. However, MHW spatial ≪ hot spots ≫ are inhomogeneously distributed in surface and deeper layers.","Darmaraki, Sofia; Somot, Samuel; Sevault, Florence; Nabat, Pierre","1,2,3,5,10"
Typhoon-induced subsurface marine heatwaves in the South China Sea,Estuarine Coastal and Shelf Science,2026-07-15,335,,,10.1016/j.ecss.2026.109842,ar,Article,0,2-s2.0-105033176277,,0,"Under global warming, the frequency and intensity of extreme events have significantly increased, exerting dramatic impacts on the natural ecosystems and human society. We report that typhoons, as extreme weather events, can trigger subsurface marine heatwaves (MHWs), which are extreme ocean events. Based on 27-year ocean reanalysis data, a total of 9 typhoon-induced subsurface MHW events are identified in the South China Sea, with most of them occurring in the nearshore shallow waters. The enhanced mixing induced by the typhoon, relatively high subsurface temperature percentile prior to the typhoon, and sufficiently long duration of subsurface warming are three key factors for typhoon-induced subsurface MHWs. Although the occurring probability of typhoon-induced subsurface MHW events is relatively low, the co-occurrence of such extreme events poses a serious threat to the marine environment and requires special attention.","Liu, Zhouhong; Cheng, Shukui; Cao, Anzhou; Song, Jinbao; Guo, Xinyu","3,4,7"
A deeper look into marine heatwaves off the coast of Western Australia,Weather and Climate Extremes,2026-06-01,52,,,10.1016/j.wace.2026.100906,ar,Article,0,2-s2.0-105037092085,,1,"Marine heatwaves (MHWs) have significantly impacted the southwest region of Western Australia (WA), particularly shelf regions, which are vital for commercial and recreational fisheries; however, sub-surface temperature anomalies remain understudied. We analysed 14 years of temperature data from moorings off Perth, WA, to investigate surface and sub-surface MHWs. Additionally, we contrasted the oceanic and atmospheric conditions during the austral summers of 2010/2011 and 2020/2021, both La Niña years, to analyse the spatial and depth extent of MHWs and the factors that contributed to or inhibited MHW development. Surface MHWs were found to extend to depths of up to 175 m on the continental shelf. Several sub-surface MHWs, undetectable at the surface, were observed. These were shorter in duration but more intense. In 2010/2011, strong negative wind anomalies enhanced the Leeuwin Current, reduced wind-driven cooling, and increased atmospheric heat input, leading to widespread surface warming and a severe MHW. In contrast, 2020/2021 lacked anomalous winds, and no surface MHW developed despite the La Niña conditions. Eddies, observed by sea level anomaly (SLA), contributed to localised sub-surface warming through downwelling of warm surface waters during both events. Our findings show that MHWs can have a time variable depth extent and, even if undetectable at the surface, can persist at sub-surface levels. These findings highlight that sea surface temperature alone cannot be used to detect sub-surface MHWs, but SLA can be a good indicator. This emphasises the need to view MHWs as dynamic 4D events – spanning longitude, latitude, depth, and time – to better understand their development, progression, decay, and ecosystem impacts.","Pinter, Sina S.; Jones, Nicole L.; Rayson, Matthew D.; Cuttler, Michael V.W.","3,4,10"
Depth-resolved phytoplankton responses to persistent marine heatwaves in the southern tropical indian ocean,International Journal of Applied Earth Observation and Geoinformation,2026-05-01,149,,,10.1016/j.jag.2026.105323,ar,Article,0,2-s2.0-105037661019,,1,"Marine heatwaves (MHWs) in the tropical Indian Ocean (TIO) have intensified in duration and frequency during the satellite observing era, causing severe ecological disruptions. However, the vertical structure of MHWs and their effects on phytoplankton across the entire euphotic zone (0–200 m) remain unclear. Here, using BGC-Argo, satellite, and reanalysis data, we analyze a prolonged MHW event (443 days, 2019–2020) in the southern TIO upwelling region, driven by persistent downwelling oceanic planetary waves. Our results show that during austral summer-fall 2019/2020, subsurface-intensified MHWs reduced phytoplankton chlorophyll a concentration (Chla, −20%) and particulate organic carbon (POC, −10%) in the upper mixed layer (0–80 m) via combined thermal stress and nutrient limitation. Below mixed layer (80–150 m), photoacclimation decoupled Chla from biomass, yielding a 30% Chla increase despite of stable POC levels. In austral winter-spring 2019/2020, surface-intensified MHWs suppressed mixed-layer Chla (−40%) more severely than POC (−10%), indicating photoacclimation-mediated carbon retention. This study establishes that subsurface MHWs degrade the deep chlorophyll maximum (DCM) and carbon export, whereas surface-intensified MHWs dominate mixed-layer productivity declines. Moreover, subsurface phytoplankton biomass responses to MHWs may be overlooked by satellites, posing significant threats to mesopelagic biodiversity hotspots.","Hu, Qiwei; Chen, Xiaoyan; Liang, Zhanlin; Huan, Yu; Song, Zili","3,7,14"
Deep heat threatens life on the seafloor,Trends in Ecology and Evolution,2026-04-01,41,4,282-284,10.1016/j.tree.2026.02.005,sh,Short Survey,0,2-s2.0-105034734208,41794584,1,"Marine heatwaves are transforming ocean ecosystems, yet subsurface events remain poorly understood. Konsta et al. use high-resolution climate projections to show that bottom marine heatwaves could expose most Mediterranean benthic species to near-continuous extreme heatwaves by the century’s end, exposing hidden threats to biodiversity and questioning the assumption of deep-water refugia.","Starko, Samuel; Montie, Shinae; Wernberg, Thomas","3,7,14"
Luzon Strait heat transport and mesoscale eddies’ enhancement effect on boreal winter subsurface marine heatwaves in the South China Sea,Atmospheric and Oceanic Science Letters,2026-01-01,,,,10.1016/j.aosl.2026.100789,ar,Article,0,2-s2.0-105032211969,,1,"Marine heatwaves (MHWs) in the South China Sea (SCS) significantly impact marine ecosystems, yet boreal winter subsurface events remain underexplored. This study investigates the spatiotemporal characteristics, vertical structure, and driving mechanisms of winter subsurface MHWs in the SCS from 1994 to 2023 using high-resolution ocean reanalysis data. Winter MHWs exhibit distinct spatial patterns, with surface events concentrated along northern coasts and subsurface events peaking in the northeastern SCS west of the Luzon Strait. Intensity peaks at ∼130 m, with high-intensity zones shifting from the southwest to the northeast with depth. The Luzon Strait region shows deeper, more intense, and more frequent MHWs compared to SCS-wide averages. Key drivers include Kuroshio-branch heat influx and mesoscale eddies, with positive heat influx anomalies strongly correlated with MHW intensity at 250–300 m and negative vorticity (anticyclonic eddies) enhancing frequency at 70–200 m. Heat budget analysis reveals advection dominance: vertical advection provides stable heating, while horizontal advection offsets surface cooling, with anomalous anticyclonic eddies (negative vorticity) promoting downwelling and subsurface warming in peak MHW years. These findings highlight the northeastern SCS as a winter MHW hotspot and provide a basis for assessing ecological risks to vulnerable marine ecosystems. 摘要 海洋热浪对南海海洋生态系统产生显著影响, 然而南海冬季次表层海洋热浪事件的特征仍缺乏深入研究. 本文基于1994—2023年高分辨率海洋再分析资料, 系统分析了南海冬季次表层海洋热浪的时空分布特征,垂直结构及其驱动机制. 结果表明, 南海冬季海洋热浪呈现显著的空间差异性: 表层事件主要集中于北部近岸海域, 而次表层事件强度峰值位于吕宋海峡以西的南海东北部; 热浪强度在约130米深度达到最大, 高强度区随深度增加从西南向东北方向迁移. 吕宋海峡区域的海洋热浪相对于南海整体平均表现出更深, 更强且更频繁的特征. 主要驱动因子包括黑潮分支的热量输入和中尺度涡旋. 正热量输入异常与250–300米深度的热浪强度呈显著正相关; 负涡度(即反气旋涡)显著提升70–200米深度范围内的热浪发生频率. 热收支分析显示, 平流过程主导热浪维持: 垂直平流提供稳定的加热, 水平平流有效抵消表层冷却; 在热浪峰值年份, 反常的反气旋涡 (负涡度) 通过促进下沉运动显著加强次表层增温. 研究结果凸显南海东北部为冬季海洋热浪的重要热点区域, 为评估脆弱海洋生态系统的生态风险提供了科学依据.","Aze, Riga; Cao, Ning; Li, Xinxu; Jiang, Weinan; Xu, Jianjun","3,4,10"
Vertical Decoupling of Marine Heatwaves in the Bay of Bengal: The Contrasting Roles of Atmospheric Forcing and Mesoscale Eddies,Journal of Geophysical Research Oceans,2026-06-01,131,6,,10.1029/2026JC024072,ar,Article,0,2-s2.0-105040585448,,0,"Marine extreme temperature events pose severe threats to marine ecosystems. While existing research on extreme temperature events in the Bay of Bengal (BoB) has largely focused on sea surface conditions and large-scale processes, the occurrence and drivers of subsurface extremes remain poorly constrained. To address this gap, an extensive data set combining uninterrupted mooring measurements (2008–2016) with diverse remote sensing products is utilized to elucidate the nature and forcing mechanisms of extreme temperature events within the northern Bay of Bengal (NBoB). The results reveal a clear vertical decoupling of subsurface marine heatwaves (MHWs) and cold spells (MCSs) from surface events. Surface extremes are principally forced by air-sea heat fluxes and remotely modulated by El Niño-Southern Oscillation through atmospheric teleconnections. In contrast, subsurface events are predominantly driven by mesoscale eddies, with over 50% of MHWs and MCSs co-occurring with anticyclonic and cyclonic eddies, respectively. Furthermore, we find that the occurrence of subsurface eddy-associated MHWs is modulated by the synchronization of La Niña with negative phases of the Indian Ocean Dipole during which anticyclonic eddy activity becomes anomalously active, leading to an increased frequency and enhanced intensity of these MHWs. This vertical dichotomy in governing mechanisms, with atmospheric processes dominating at the surface and eddy dynamics controlling the subsurface, advances our understanding of extreme temperature dynamics in tropical seas and provides crucial insights for predicting marine ecosystem responses under climate change.","Mo, Zhenting; Zhan, Weikang; Zhang, Peiya; Liu, Yunchen; Hu, Yiqiang; Zhan, Haigang; He, Qingyou",
Dipole variability of subsurface marine heatwaves in the Bay of Bengal,Climate Dynamics,2026-06-01,64,6,,10.1007/s00382-026-08218-9,ar,Article,0,2-s2.0-105040518590,,0,"Marine heatwaves (MHWs) are ocean temperature extremes that can occur at any ocean depth. Surface characteristics and physical mechanisms of MHWs have been extensively explored based on satellite observations; however, their subsurface features and drivers remain poorly understood. This study investigates the characteristics and drivers of subsurface MHWs near the thermocline in the Bay of Bengal (BoB) from 1993 to 2024 using high-resolution ocean reanalysis datasets. Annual subsurface MHW days exhibit a dipole pattern in response to the El Niño-Southern Oscillation (ENSO) and Indian Ocean Dipole (IOD). This dipole structure is characterized by spatiotemporal asymmetries, with a later (earlier) peak and wider (smaller) coverage in the eastern (western) BoB. During the developing and mature phases of pure positive IOD, the anticyclonic mesoscale eddies in the western BoB are favorable for MHW generation in this region, which is associated with anomalous anticyclonic winds and currents over the BoB. Meanwhile, the equatorial easterly anomalies drive upwelling Kelvin waves that propagate eastward into the eastern and even western BoB, inhibiting MHW formation over extensive areas during the mature and decay phases of pure positive IOD. Differently, during the developing phase of ENSO, its direct impact on subsurface MHWs in the BoB is limited. It is likely to exert indirect forcing by triggering IOD. The direct impacts of ENSO emerge during the mature phase and reach peaks during the decay phase. This study highlights the inconsistent spatial responses of subsurface MHWs to distinct ocean dynamics induced by ENSO and IOD.","Zhang, Ying; Du, Yan; Lin, Xinyu; Qiu, Yun",
Spatial Extent and Vertical Structure of Marine Heatwaves in Chesapeake Bay,Journal of Geophysical Research Oceans,2026-05-01,131,5,,10.1029/2025JC022859,ar,Article,0,2-s2.0-105039853101,,1,"Marine heatwaves (MHWs) adversely impact marine ecosystems globally, yet data scarcity limits our understanding of their subsurface extent, particularly in estuaries. Using a high-resolution regional ocean model, we characterized the horizontal extent and subsurface structure of MHWs across the Chesapeake Bay (CB). Additionally, we developed a supplementary definition for local climatology-identified MHWs, “Vertical MHWs,” which quantifies their water column presence, and developed a new MHW vertical classification scheme. Surface MHWs were generally shorter, more frequent and intense, and impacted ∼5% of the CB surface area, while the deepest MHWs were generally longer, less frequent and intense, and regularly occupied >50% of deep-water areas. Synchronous MHWs—a vertical MHW class which occurs simultaneously in the surface and bottom sometime during their duration—were predominant in shallow regions (isobaths <9 m), which encompass ∼75% of the CB. Conversely, asynchronous MHWs, which indicate surface-bottom discontinuity, dominated in deeper regions (isobaths >9 m) and occurred primarily during the highly stratified spring-summer season. High synchronicity in the shallow regions indicates that a surface MHW signal likely reflects a concurrent bottom one, potentially impacting benthic communities within days, across the vast majority of the CB. Meanwhile, analyses of asynchronous events suggest surface MHWs are inconsistent predictors of subsurface events and their vertical structure, especially in the deeper regions of CB, highlighting the need for expanded monitoring to better understand, predict, and manage MHW impacts on coastal and estuarine ecosystems.","Shunk, Nathan P.; Mazzini, Piero L.F.; Walter, Ryan K.; Hinson, Kyle E.; St-Laurent, Pierre; Friedrichs, Marjorie A.M.",
